nohup: ignorando entrada
2025-10-12 20:08:49,761 - services.ml_service - INFO - No pre-trained models found, will use rule-based predictions
/home/artha/climateAI/server/main.py:671: DeprecationWarning: 
        on_event is deprecated, use lifespan event handlers instead.

        Read more about it in the
        [FastAPI docs for Lifespan Events](https://fastapi.tiangolo.com/advanced/events/).
        
  @app.on_event("startup")
2025-10-12 20:08:49,934 - __main__ - INFO - Iniciando servidor FIMCE...
INFO:     Will watch for changes in these directories: ['/home/artha/climateAI/server']
INFO:     Uvicorn running on http://localhost:8000 (Press CTRL+C to quit)
INFO:     Started reloader process [22818] using WatchFiles
2025-10-12 20:08:53,642 - services.ml_service - INFO - No pre-trained models found, will use rule-based predictions
2025-10-12 20:08:53,698 - watchfiles.main - INFO - 1 change detected
INFO:     Started server process [22862]
INFO:     Waiting for application startup.
2025-10-12 20:08:53,939 - main - INFO - Iniciando servidor FIMCE...
2025-10-12 20:08:53,939 - main - INFO - Configurações validadas com sucesso
INFO:     Application startup complete.
2025-10-12 20:08:54,049 - watchfiles.main - INFO - 1 change detected
2025-10-12 20:08:54,400 - watchfiles.main - INFO - 1 change detected
2025-10-12 20:08:54,751 - watchfiles.main - INFO - 1 change detected
2025-10-12 20:08:55,102 - watchfiles.main - INFO - 1 change detected
2025-10-12 20:08:55,454 - watchfiles.main - INFO - 1 change detected
INFO:     127.0.0.1:54658 - "GET / HTTP/1.1" 200 OK
2025-10-12 20:08:55,804 - watchfiles.main - INFO - 1 change detected
2025-10-12 20:08:56,155 - watchfiles.main - INFO - 1 change detected
2025-10-12 20:08:56,506 - watchfiles.main - INFO - 1 change detected
2025-10-12 20:08:56,857 - watchfiles.main - INFO - 1 change detected
2025-10-12 20:08:57,208 - watchfiles.main - INFO - 1 change detected
2025-10-12 20:08:57,559 - watchfiles.main - INFO - 1 change detected
2025-10-12 20:08:57,910 - watchfiles.main - INFO - 1 change detected
2025-10-12 20:08:58,261 - watchfiles.main - INFO - 1 change detected
2025-10-12 20:08:58,612 - watchfiles.main - INFO - 1 change detected
2025-10-12 20:08:58,963 - watchfiles.main - INFO - 1 change detected
2025-10-12 20:08:59,314 - watchfiles.main - INFO - 1 change detected
2025-10-12 20:08:59,665 - watchfiles.main - INFO - 1 change detected
2025-10-12 20:09:00,016 - watchfiles.main - INFO - 1 change detected
2025-10-12 20:09:00,367 - watchfiles.main - INFO - 1 change detected
2025-10-12 20:09:00,719 - watchfiles.main - INFO - 1 change detected
2025-10-12 20:09:01,071 - watchfiles.main - INFO - 1 change detected
2025-10-12 20:09:01,423 - watchfiles.main - INFO - 1 change detected
2025-10-12 20:09:01,774 - watchfiles.main - INFO - 1 change detected
INFO:     127.0.0.1:54662 - "GET /api/v1/localizacao/coordenadas?latitude=-23.5505&longitude=-46.6333 HTTP/1.1" 200 OK
2025-10-12 20:09:02,125 - watchfiles.main - INFO - 1 change detected
2025-10-12 20:09:02,477 - watchfiles.main - INFO - 1 change detected
2025-10-12 20:09:02,830 - watchfiles.main - INFO - 1 change detected
2025-10-12 20:09:03,181 - watchfiles.main - INFO - 1 change detected
2025-10-12 20:09:03,532 - watchfiles.main - INFO - 1 change detected
2025-10-12 20:09:03,883 - watchfiles.main - INFO - 1 change detected
2025-10-12 20:09:04,234 - watchfiles.main - INFO - 1 change detected
2025-10-12 20:09:04,585 - watchfiles.main - INFO - 1 change detected
2025-10-12 20:09:04,936 - watchfiles.main - INFO - 1 change detected
2025-10-12 20:09:05,286 - watchfiles.main - INFO - 1 change detected
2025-10-12 20:09:05,637 - watchfiles.main - INFO - 1 change detected
2025-10-12 20:09:05,988 - watchfiles.main - INFO - 1 change detected
2025-10-12 20:09:06,339 - watchfiles.main - INFO - 1 change detected
2025-10-12 20:09:06,690 - watchfiles.main - INFO - 1 change detected
2025-10-12 20:09:07,041 - watchfiles.main - INFO - 1 change detected
2025-10-12 20:09:07,393 - watchfiles.main - INFO - 1 change detected
2025-10-12 20:09:07,745 - watchfiles.main - INFO - 1 change detected
2025-10-12 20:09:08,097 - watchfiles.main - INFO - 1 change detected
2025-10-12 20:09:08,449 - watchfiles.main - INFO - 1 change detected
2025-10-12 20:09:08,801 - watchfiles.main - INFO - 1 change detected
2025-10-12 20:09:09,153 - watchfiles.main - INFO - 1 change detected
2025-10-12 20:09:09,505 - watchfiles.main - INFO - 1 change detected
2025-10-12 20:09:09,857 - watchfiles.main - INFO - 1 change detected
2025-10-12 20:09:10,209 - watchfiles.main - INFO - 1 change detected
2025-10-12 20:09:10,560 - watchfiles.main - INFO - 1 change detected
INFO:     127.0.0.1:36352 - "GET /api/v1/clima/previsao?latitude=-23.5505&longitude=-46.6333&dias=3 HTTP/1.1" 200 OK
2025-10-12 20:09:10,962 - watchfiles.main - INFO - 4 changes detected
2025-10-12 20:09:11,313 - watchfiles.main - INFO - 1 change detected
2025-10-12 20:09:11,664 - watchfiles.main - INFO - 1 change detected
2025-10-12 20:09:12,015 - watchfiles.main - INFO - 1 change detected
2025-10-12 20:09:12,366 - watchfiles.main - INFO - 1 change detected
2025-10-12 20:09:12,717 - watchfiles.main - INFO - 1 change detected
2025-10-12 20:09:13,068 - watchfiles.main - INFO - 1 change detected
2025-10-12 20:09:13,420 - watchfiles.main - INFO - 1 change detected
2025-10-12 20:09:13,770 - watchfiles.main - INFO - 1 change detected
2025-10-12 20:09:14,121 - watchfiles.main - INFO - 1 change detected
2025-10-12 20:09:14,472 - watchfiles.main - INFO - 1 change detected
2025-10-12 20:09:14,823 - watchfiles.main - INFO - 1 change detected
2025-10-12 20:09:15,174 - watchfiles.main - INFO - 1 change detected
2025-10-12 20:09:15,525 - watchfiles.main - INFO - 1 change detected
2025-10-12 20:09:15,877 - watchfiles.main - INFO - 1 change detected
2025-10-12 20:09:16,229 - watchfiles.main - INFO - 1 change detected
2025-10-12 20:09:16,580 - watchfiles.main - INFO - 1 change detected
2025-10-12 20:09:16,931 - watchfiles.main - INFO - 1 change detected
2025-10-12 20:09:17,282 - watchfiles.main - INFO - 1 change detected
2025-10-12 20:09:17,634 - watchfiles.main - INFO - 1 change detected
2025-10-12 20:09:17,986 - watchfiles.main - INFO - 1 change detected
2025-10-12 20:09:18,337 - watchfiles.main - INFO - 1 change detected
2025-10-12 20:09:18,689 - watchfiles.main - INFO - 1 change detected
2025-10-12 20:09:19,041 - watchfiles.main - INFO - 1 change detected
2025-10-12 20:09:19,393 - watchfiles.main - INFO - 1 change detected
2025-10-12 20:09:19,744 - watchfiles.main - INFO - 1 change detected
2025-10-12 20:09:20,094 - watchfiles.main - INFO - 1 change detected
2025-10-12 20:09:20,445 - watchfiles.main - INFO - 1 change detected
2025-10-12 20:09:20,797 - watchfiles.main - INFO - 1 change detected
2025-10-12 20:09:21,148 - watchfiles.main - INFO - 1 change detected
2025-10-12 20:09:21,499 - watchfiles.main - INFO - 1 change detected
2025-10-12 20:09:21,850 - watchfiles.main - INFO - 1 change detected
2025-10-12 20:09:22,201 - watchfiles.main - INFO - 1 change detected
2025-10-12 20:09:22,552 - watchfiles.main - INFO - 1 change detected
2025-10-12 20:09:22,902 - watchfiles.main - INFO - 1 change detected
2025-10-12 20:09:23,253 - watchfiles.main - INFO - 1 change detected
2025-10-12 20:09:23,604 - watchfiles.main - INFO - 1 change detected
2025-10-12 20:09:23,954 - watchfiles.main - INFO - 1 change detected
2025-10-12 20:09:24,306 - watchfiles.main - INFO - 1 change detected
2025-10-12 20:09:24,658 - watchfiles.main - INFO - 1 change detected
2025-10-12 20:09:25,008 - watchfiles.main - INFO - 1 change detected
2025-10-12 20:09:25,359 - watchfiles.main - INFO - 1 change detected
2025-10-12 20:09:25,710 - watchfiles.main - INFO - 1 change detected
2025-10-12 20:09:26,061 - watchfiles.main - INFO - 1 change detected
2025-10-12 20:09:26,412 - watchfiles.main - INFO - 1 change detected
2025-10-12 20:09:26,763 - watchfiles.main - INFO - 1 change detected
2025-10-12 20:09:27,114 - watchfiles.main - INFO - 1 change detected
2025-10-12 20:09:27,465 - watchfiles.main - INFO - 1 change detected
2025-10-12 20:09:27,816 - watchfiles.main - INFO - 1 change detected
2025-10-12 20:09:28,168 - watchfiles.main - INFO - 1 change detected
2025-10-12 20:09:28,518 - watchfiles.main - INFO - 1 change detected
2025-10-12 20:09:28,869 - watchfiles.main - INFO - 1 change detected
2025-10-12 20:09:29,220 - watchfiles.main - INFO - 1 change detected
2025-10-12 20:09:29,571 - watchfiles.main - INFO - 1 change detected
2025-10-12 20:09:29,921 - watchfiles.main - INFO - 1 change detected
2025-10-12 20:09:30,272 - watchfiles.main - INFO - 1 change detected
2025-10-12 20:09:30,623 - watchfiles.main - INFO - 1 change detected
2025-10-12 20:09:30,974 - watchfiles.main - INFO - 1 change detected
2025-10-12 20:09:31,325 - watchfiles.main - INFO - 1 change detected
2025-10-12 20:09:31,679 - watchfiles.main - INFO - 1 change detected
2025-10-12 20:09:32,030 - watchfiles.main - INFO - 1 change detected
2025-10-12 20:09:32,382 - watchfiles.main - INFO - 1 change detected
2025-10-12 20:09:32,738 - watchfiles.main - INFO - 1 change detected
2025-10-12 20:09:33,089 - watchfiles.main - INFO - 1 change detected
2025-10-12 20:09:33,440 - watchfiles.main - INFO - 1 change detected
2025-10-12 20:09:33,792 - watchfiles.main - INFO - 1 change detected
2025-10-12 20:09:34,146 - watchfiles.main - INFO - 1 change detected
2025-10-12 20:09:34,501 - watchfiles.main - INFO - 1 change detected
2025-10-12 20:09:34,855 - watchfiles.main - INFO - 1 change detected
2025-10-12 20:09:35,206 - watchfiles.main - INFO - 1 change detected
2025-10-12 20:09:35,557 - watchfiles.main - INFO - 1 change detected
2025-10-12 20:09:35,908 - watchfiles.main - INFO - 1 change detected
2025-10-12 20:09:36,260 - watchfiles.main - INFO - 1 change detected
2025-10-12 20:09:36,611 - watchfiles.main - INFO - 1 change detected
2025-10-12 20:09:36,962 - watchfiles.main - INFO - 1 change detected
2025-10-12 20:09:37,312 - watchfiles.main - INFO - 1 change detected
2025-10-12 20:09:37,664 - watchfiles.main - INFO - 1 change detected
2025-10-12 20:09:38,015 - watchfiles.main - INFO - 1 change detected
2025-10-12 20:09:38,367 - watchfiles.main - INFO - 1 change detected
2025-10-12 20:09:38,718 - watchfiles.main - INFO - 1 change detected
2025-10-12 20:09:39,071 - watchfiles.main - INFO - 1 change detected
2025-10-12 20:09:39,422 - watchfiles.main - INFO - 1 change detected
2025-10-12 20:09:39,774 - watchfiles.main - INFO - 1 change detected
2025-10-12 20:09:40,125 - watchfiles.main - INFO - 1 change detected
2025-10-12 20:09:40,477 - watchfiles.main - INFO - 1 change detected
2025-10-12 20:09:40,829 - watchfiles.main - INFO - 1 change detected
2025-10-12 20:09:41,181 - watchfiles.main - INFO - 1 change detected
2025-10-12 20:09:41,533 - watchfiles.main - INFO - 1 change detected
2025-10-12 20:09:41,885 - watchfiles.main - INFO - 1 change detected
2025-10-12 20:09:42,237 - watchfiles.main - INFO - 1 change detected
2025-10-12 20:09:42,588 - watchfiles.main - INFO - 1 change detected
2025-10-12 20:09:42,940 - watchfiles.main - INFO - 1 change detected
2025-10-12 20:09:43,292 - watchfiles.main - INFO - 1 change detected
2025-10-12 20:09:43,644 - watchfiles.main - INFO - 1 change detected
2025-10-12 20:09:43,996 - watchfiles.main - INFO - 1 change detected
2025-10-12 20:09:44,348 - watchfiles.main - INFO - 1 change detected
2025-10-12 20:09:44,699 - watchfiles.main - INFO - 1 change detected
2025-10-12 20:09:45,051 - watchfiles.main - INFO - 1 change detected
2025-10-12 20:09:45,403 - watchfiles.main - INFO - 1 change detected
2025-10-12 20:09:45,755 - watchfiles.main - INFO - 1 change detected
2025-10-12 20:09:46,107 - watchfiles.main - INFO - 1 change detected
2025-10-12 20:09:46,459 - watchfiles.main - INFO - 1 change detected
2025-10-12 20:09:46,810 - watchfiles.main - INFO - 1 change detected
2025-10-12 20:09:47,162 - watchfiles.main - INFO - 1 change detected
2025-10-12 20:09:47,514 - watchfiles.main - INFO - 1 change detected
2025-10-12 20:09:47,866 - watchfiles.main - INFO - 1 change detected
2025-10-12 20:09:48,218 - watchfiles.main - INFO - 1 change detected
2025-10-12 20:09:48,569 - watchfiles.main - INFO - 1 change detected
2025-10-12 20:09:48,921 - watchfiles.main - INFO - 1 change detected
2025-10-12 20:09:49,273 - watchfiles.main - INFO - 1 change detected
2025-10-12 20:09:49,625 - watchfiles.main - INFO - 1 change detected
2025-10-12 20:09:49,977 - watchfiles.main - INFO - 1 change detected
2025-10-12 20:09:50,329 - watchfiles.main - INFO - 1 change detected
2025-10-12 20:09:50,681 - watchfiles.main - INFO - 1 change detected
2025-10-12 20:09:51,033 - watchfiles.main - INFO - 1 change detected
2025-10-12 20:09:51,384 - watchfiles.main - INFO - 1 change detected
2025-10-12 20:09:51,736 - watchfiles.main - INFO - 1 change detected
2025-10-12 20:09:52,088 - watchfiles.main - INFO - 1 change detected
2025-10-12 20:09:52,440 - watchfiles.main - INFO - 1 change detected
2025-10-12 20:09:52,791 - watchfiles.main - INFO - 1 change detected
2025-10-12 20:09:53,142 - watchfiles.main - INFO - 1 change detected
2025-10-12 20:09:53,494 - watchfiles.main - INFO - 1 change detected
2025-10-12 20:09:53,846 - watchfiles.main - INFO - 1 change detected
2025-10-12 20:09:54,198 - watchfiles.main - INFO - 1 change detected
2025-10-12 20:09:54,550 - watchfiles.main - INFO - 1 change detected
2025-10-12 20:09:54,901 - watchfiles.main - INFO - 1 change detected
2025-10-12 20:09:55,253 - watchfiles.main - INFO - 1 change detected
2025-10-12 20:09:55,605 - watchfiles.main - INFO - 1 change detected
2025-10-12 20:09:55,957 - watchfiles.main - INFO - 1 change detected
2025-10-12 20:09:56,309 - watchfiles.main - INFO - 1 change detected
2025-10-12 20:09:56,661 - watchfiles.main - INFO - 1 change detected
2025-10-12 20:09:57,013 - watchfiles.main - INFO - 1 change detected
2025-10-12 20:09:57,365 - watchfiles.main - INFO - 1 change detected
2025-10-12 20:09:57,716 - watchfiles.main - INFO - 1 change detected
2025-10-12 20:09:58,069 - watchfiles.main - INFO - 1 change detected
2025-10-12 20:09:58,420 - watchfiles.main - INFO - 1 change detected
2025-10-12 20:09:58,772 - watchfiles.main - INFO - 1 change detected
2025-10-12 20:09:59,124 - watchfiles.main - INFO - 1 change detected
2025-10-12 20:09:59,475 - watchfiles.main - INFO - 1 change detected
2025-10-12 20:09:59,828 - watchfiles.main - INFO - 1 change detected
2025-10-12 20:10:00,180 - watchfiles.main - INFO - 1 change detected
2025-10-12 20:10:00,532 - watchfiles.main - INFO - 1 change detected
2025-10-12 20:10:00,883 - watchfiles.main - INFO - 1 change detected
2025-10-12 20:10:01,235 - watchfiles.main - INFO - 1 change detected
2025-10-12 20:10:01,587 - watchfiles.main - INFO - 1 change detected
2025-10-12 20:10:01,938 - watchfiles.main - INFO - 1 change detected
2025-10-12 20:10:02,290 - watchfiles.main - INFO - 1 change detected
2025-10-12 20:10:02,642 - watchfiles.main - INFO - 1 change detected
2025-10-12 20:10:02,993 - watchfiles.main - INFO - 1 change detected
2025-10-12 20:10:03,345 - watchfiles.main - INFO - 1 change detected
2025-10-12 20:10:03,697 - watchfiles.main - INFO - 1 change detected
2025-10-12 20:10:04,049 - watchfiles.main - INFO - 1 change detected
2025-10-12 20:10:04,401 - watchfiles.main - INFO - 1 change detected
2025-10-12 20:10:04,752 - watchfiles.main - INFO - 1 change detected
2025-10-12 20:10:05,104 - watchfiles.main - INFO - 1 change detected
2025-10-12 20:10:05,455 - watchfiles.main - INFO - 1 change detected
2025-10-12 20:10:05,807 - watchfiles.main - INFO - 1 change detected
2025-10-12 20:10:06,159 - watchfiles.main - INFO - 1 change detected
2025-10-12 20:10:06,511 - watchfiles.main - INFO - 1 change detected
2025-10-12 20:10:06,863 - watchfiles.main - INFO - 1 change detected
2025-10-12 20:10:07,214 - watchfiles.main - INFO - 1 change detected
2025-10-12 20:10:07,566 - watchfiles.main - INFO - 1 change detected
2025-10-12 20:10:07,917 - watchfiles.main - INFO - 1 change detected
2025-10-12 20:10:08,268 - watchfiles.main - INFO - 1 change detected
2025-10-12 20:10:08,620 - watchfiles.main - INFO - 1 change detected
2025-10-12 20:10:08,972 - watchfiles.main - INFO - 1 change detected
2025-10-12 20:10:09,324 - watchfiles.main - INFO - 1 change detected
2025-10-12 20:10:09,676 - watchfiles.main - INFO - 1 change detected
2025-10-12 20:10:10,027 - watchfiles.main - INFO - 1 change detected
2025-10-12 20:10:10,378 - watchfiles.main - INFO - 1 change detected
2025-10-12 20:10:10,730 - watchfiles.main - INFO - 1 change detected
2025-10-12 20:10:11,080 - watchfiles.main - INFO - 1 change detected
2025-10-12 20:10:11,431 - watchfiles.main - INFO - 1 change detected
2025-10-12 20:10:11,782 - watchfiles.main - INFO - 1 change detected
2025-10-12 20:10:12,133 - watchfiles.main - INFO - 1 change detected
2025-10-12 20:10:12,485 - watchfiles.main - INFO - 1 change detected
2025-10-12 20:10:12,837 - watchfiles.main - INFO - 1 change detected
2025-10-12 20:10:13,189 - watchfiles.main - INFO - 1 change detected
2025-10-12 20:10:13,541 - watchfiles.main - INFO - 1 change detected
2025-10-12 20:10:13,893 - watchfiles.main - INFO - 1 change detected
2025-10-12 20:10:14,245 - watchfiles.main - INFO - 1 change detected
2025-10-12 20:10:14,595 - watchfiles.main - INFO - 1 change detected
2025-10-12 20:10:14,946 - watchfiles.main - INFO - 1 change detected
2025-10-12 20:10:15,297 - watchfiles.main - INFO - 1 change detected
2025-10-12 20:10:15,647 - watchfiles.main - INFO - 1 change detected
2025-10-12 20:10:15,998 - watchfiles.main - INFO - 1 change detected
2025-10-12 20:10:16,349 - watchfiles.main - INFO - 1 change detected
2025-10-12 20:10:16,702 - watchfiles.main - INFO - 1 change detected
2025-10-12 20:10:17,053 - watchfiles.main - INFO - 1 change detected
2025-10-12 20:10:17,404 - watchfiles.main - INFO - 1 change detected
2025-10-12 20:10:17,756 - watchfiles.main - INFO - 1 change detected
2025-10-12 20:10:18,108 - watchfiles.main - INFO - 1 change detected
2025-10-12 20:10:18,459 - watchfiles.main - INFO - 1 change detected
2025-10-12 20:10:18,811 - watchfiles.main - INFO - 1 change detected
2025-10-12 20:10:19,163 - watchfiles.main - INFO - 1 change detected
2025-10-12 20:10:19,514 - watchfiles.main - INFO - 1 change detected
2025-10-12 20:10:19,865 - watchfiles.main - INFO - 1 change detected
2025-10-12 20:10:20,217 - watchfiles.main - INFO - 1 change detected
2025-10-12 20:10:20,569 - watchfiles.main - INFO - 1 change detected
2025-10-12 20:10:20,921 - watchfiles.main - INFO - 1 change detected
2025-10-12 20:10:21,272 - watchfiles.main - INFO - 1 change detected
2025-10-12 20:10:21,624 - watchfiles.main - INFO - 1 change detected
2025-10-12 20:10:21,977 - watchfiles.main - INFO - 1 change detected
2025-10-12 20:10:22,328 - watchfiles.main - INFO - 1 change detected
2025-10-12 20:10:22,680 - watchfiles.main - INFO - 1 change detected
2025-10-12 20:10:23,032 - watchfiles.main - INFO - 1 change detected
2025-10-12 20:10:23,383 - watchfiles.main - INFO - 1 change detected
2025-10-12 20:10:23,735 - watchfiles.main - INFO - 1 change detected
2025-10-12 20:10:24,086 - watchfiles.main - INFO - 1 change detected
2025-10-12 20:10:24,437 - watchfiles.main - INFO - 1 change detected
2025-10-12 20:10:24,789 - watchfiles.main - INFO - 1 change detected
2025-10-12 20:10:25,141 - watchfiles.main - INFO - 1 change detected
2025-10-12 20:10:25,493 - watchfiles.main - INFO - 1 change detected
2025-10-12 20:10:25,845 - watchfiles.main - INFO - 1 change detected
2025-10-12 20:10:26,197 - watchfiles.main - INFO - 1 change detected
2025-10-12 20:10:26,548 - watchfiles.main - INFO - 1 change detected
2025-10-12 20:10:26,900 - watchfiles.main - INFO - 1 change detected
2025-10-12 20:10:27,251 - watchfiles.main - INFO - 1 change detected
2025-10-12 20:10:27,603 - watchfiles.main - INFO - 1 change detected
2025-10-12 20:10:27,955 - watchfiles.main - INFO - 1 change detected
2025-10-12 20:10:28,307 - watchfiles.main - INFO - 1 change detected
2025-10-12 20:10:28,658 - watchfiles.main - INFO - 1 change detected
2025-10-12 20:10:29,010 - watchfiles.main - INFO - 1 change detected
2025-10-12 20:10:29,360 - watchfiles.main - INFO - 1 change detected
2025-10-12 20:10:29,711 - watchfiles.main - INFO - 1 change detected
2025-10-12 20:10:30,065 - watchfiles.main - INFO - 1 change detected
2025-10-12 20:10:30,417 - watchfiles.main - INFO - 1 change detected
2025-10-12 20:10:30,768 - watchfiles.main - INFO - 1 change detected
2025-10-12 20:10:31,119 - watchfiles.main - INFO - 1 change detected
2025-10-12 20:10:31,470 - watchfiles.main - INFO - 1 change detected
2025-10-12 20:10:31,822 - watchfiles.main - INFO - 1 change detected
2025-10-12 20:10:32,175 - watchfiles.main - INFO - 1 change detected
2025-10-12 20:10:32,530 - watchfiles.main - INFO - 1 change detected
2025-10-12 20:10:32,882 - watchfiles.main - INFO - 1 change detected
2025-10-12 20:10:33,238 - watchfiles.main - INFO - 1 change detected
2025-10-12 20:10:33,592 - watchfiles.main - INFO - 1 change detected
2025-10-12 20:10:33,942 - watchfiles.main - INFO - 1 change detected
2025-10-12 20:10:34,297 - watchfiles.main - INFO - 1 change detected
2025-10-12 20:10:34,648 - watchfiles.main - INFO - 1 change detected
2025-10-12 20:10:35,001 - watchfiles.main - INFO - 1 change detected
2025-10-12 20:10:35,353 - watchfiles.main - INFO - 1 change detected
2025-10-12 20:10:35,704 - watchfiles.main - INFO - 1 change detected
2025-10-12 20:10:36,060 - watchfiles.main - INFO - 1 change detected
2025-10-12 20:10:36,411 - watchfiles.main - INFO - 1 change detected
2025-10-12 20:10:36,763 - watchfiles.main - INFO - 1 change detected
2025-10-12 20:10:37,114 - watchfiles.main - INFO - 1 change detected
2025-10-12 20:10:37,379 - main - WARNING - HTTPException: {'erro': '503: Serviço Embrapa não configurado. Configure EMBRAPA_API_KEY no arquivo .env', 'mensagem': 'Falha ao obter dados históricos', 'sugestao': 'Tente reduzir o período de busca ou usar outra fonte de dados'}
2025-10-12 20:10:37,381 - main - WARNING - HTTPException: {'erro': '503: Serviço Embrapa não configurado. Configure EMBRAPA_API_KEY no arquivo .env', 'mensagem': 'Falha ao obter dados históricos', 'sugestao': 'Tente reduzir o período de busca ou usar outra fonte de dados'}
INFO:     127.0.0.1:50508 - "GET /api/v1/clima/historico?latitude=-23.5505&longitude=-46.6333&data_inicio=2025-09-12&data_fim=2025-10-12 HTTP/1.1" 500 Internal Server Error
INFO:     127.0.0.1:50522 - "GET /api/v1/clima/historico?latitude=-23.5505&longitude=-46.6333&data_inicio=2025-09-12&data_fim=2025-10-12 HTTP/1.1" 500 Internal Server Error
2025-10-12 20:10:37,465 - watchfiles.main - INFO - 1 change detected
2025-10-12 20:10:37,816 - watchfiles.main - INFO - 1 change detected
2025-10-12 20:10:38,167 - watchfiles.main - INFO - 1 change detected
INFO:     127.0.0.1:50508 - "GET /api/v1/clima/previsao?latitude=-23.5505&longitude=-46.6333&dias=1 HTTP/1.1" 200 OK
INFO:     127.0.0.1:50522 - "GET /api/v1/clima/previsao?latitude=-23.5505&longitude=-46.6333&dias=1 HTTP/1.1" 200 OK
INFO:     127.0.0.1:50522 - "GET /api/v1/clima/previsao?latitude=-23.5505&longitude=-46.6333&dias=7 HTTP/1.1" 200 OK
INFO:     127.0.0.1:50508 - "GET /api/v1/clima/previsao?latitude=-23.5505&longitude=-46.6333&dias=7 HTTP/1.1" 200 OK
2025-10-12 20:10:38,518 - watchfiles.main - INFO - 4 changes detected
2025-10-12 20:10:38,869 - watchfiles.main - INFO - 1 change detected
2025-10-12 20:10:39,220 - watchfiles.main - INFO - 1 change detected
2025-10-12 20:10:39,571 - watchfiles.main - INFO - 1 change detected
2025-10-12 20:10:39,922 - watchfiles.main - INFO - 1 change detected
2025-10-12 20:10:40,274 - watchfiles.main - INFO - 1 change detected
2025-10-12 20:10:40,625 - watchfiles.main - INFO - 1 change detected
2025-10-12 20:10:40,977 - watchfiles.main - INFO - 1 change detected
2025-10-12 20:10:41,328 - watchfiles.main - INFO - 1 change detected
2025-10-12 20:10:41,680 - watchfiles.main - INFO - 1 change detected
2025-10-12 20:10:42,031 - watchfiles.main - INFO - 1 change detected
2025-10-12 20:10:42,382 - watchfiles.main - INFO - 1 change detected
2025-10-12 20:10:42,735 - watchfiles.main - INFO - 1 change detected
2025-10-12 20:10:43,086 - watchfiles.main - INFO - 1 change detected
2025-10-12 20:10:43,437 - watchfiles.main - INFO - 1 change detected
2025-10-12 20:10:43,788 - watchfiles.main - INFO - 1 change detected
2025-10-12 20:10:44,140 - watchfiles.main - INFO - 1 change detected
2025-10-12 20:10:44,491 - watchfiles.main - INFO - 1 change detected
2025-10-12 20:10:44,842 - watchfiles.main - INFO - 1 change detected
2025-10-12 20:10:45,193 - watchfiles.main - INFO - 1 change detected
2025-10-12 20:10:45,545 - watchfiles.main - INFO - 1 change detected
2025-10-12 20:10:45,897 - watchfiles.main - INFO - 1 change detected
2025-10-12 20:10:46,249 - watchfiles.main - INFO - 1 change detected
2025-10-12 20:10:46,600 - watchfiles.main - INFO - 1 change detected
2025-10-12 20:10:46,952 - watchfiles.main - INFO - 1 change detected
2025-10-12 20:10:47,304 - watchfiles.main - INFO - 1 change detected
2025-10-12 20:10:47,656 - watchfiles.main - INFO - 1 change detected
2025-10-12 20:10:48,008 - watchfiles.main - INFO - 1 change detected
2025-10-12 20:10:48,360 - watchfiles.main - INFO - 1 change detected
2025-10-12 20:10:48,712 - watchfiles.main - INFO - 1 change detected
2025-10-12 20:10:49,064 - watchfiles.main - INFO - 1 change detected
2025-10-12 20:10:49,416 - watchfiles.main - INFO - 1 change detected
2025-10-12 20:10:49,768 - watchfiles.main - INFO - 1 change detected
2025-10-12 20:10:50,119 - watchfiles.main - INFO - 1 change detected
2025-10-12 20:10:50,471 - watchfiles.main - INFO - 1 change detected
2025-10-12 20:10:50,822 - watchfiles.main - INFO - 1 change detected
2025-10-12 20:10:51,174 - watchfiles.main - INFO - 1 change detected
2025-10-12 20:10:51,526 - watchfiles.main - INFO - 1 change detected
2025-10-12 20:10:51,877 - watchfiles.main - INFO - 1 change detected
2025-10-12 20:10:52,228 - watchfiles.main - INFO - 1 change detected
2025-10-12 20:10:52,580 - watchfiles.main - INFO - 1 change detected
2025-10-12 20:10:52,931 - watchfiles.main - INFO - 1 change detected
2025-10-12 20:10:53,284 - watchfiles.main - INFO - 1 change detected
2025-10-12 20:10:53,635 - watchfiles.main - INFO - 1 change detected
2025-10-12 20:10:53,986 - watchfiles.main - INFO - 1 change detected
2025-10-12 20:10:54,339 - watchfiles.main - INFO - 1 change detected
2025-10-12 20:10:54,691 - watchfiles.main - INFO - 1 change detected
2025-10-12 20:10:55,042 - watchfiles.main - INFO - 1 change detected
INFO:     127.0.0.1:48330 - "GET /api/v1/localizacao/coordenadas?latitude=-12.977749&longitude=-38.501629 HTTP/1.1" 200 OK
2025-10-12 20:10:55,394 - watchfiles.main - INFO - 1 change detected
2025-10-12 20:10:55,424 - main - WARNING - HTTPException: {'erro': '503: Serviço Embrapa não configurado. Configure EMBRAPA_API_KEY no arquivo .env', 'mensagem': 'Falha ao obter dados históricos', 'sugestao': 'Tente reduzir o período de busca ou usar outra fonte de dados'}
INFO:     127.0.0.1:48330 - "GET /api/v1/clima/historico?latitude=-12.977749&longitude=-38.501629&data_inicio=2025-09-12&data_fim=2025-10-12 HTTP/1.1" 500 Internal Server Error
2025-10-12 20:10:55,745 - watchfiles.main - INFO - 1 change detected
INFO:     127.0.0.1:48330 - "GET /api/v1/clima/previsao?latitude=-12.977749&longitude=-38.501629&dias=1 HTTP/1.1" 200 OK
INFO:     127.0.0.1:48330 - "GET /api/v1/clima/previsao?latitude=-12.977749&longitude=-38.501629&dias=7 HTTP/1.1" 200 OK
2025-10-12 20:10:56,096 - watchfiles.main - INFO - 4 changes detected
2025-10-12 20:10:56,447 - watchfiles.main - INFO - 1 change detected
2025-10-12 20:10:56,798 - watchfiles.main - INFO - 1 change detected
2025-10-12 20:10:57,149 - watchfiles.main - INFO - 1 change detected
2025-10-12 20:10:57,500 - watchfiles.main - INFO - 1 change detected
2025-10-12 20:10:57,851 - watchfiles.main - INFO - 1 change detected
2025-10-12 20:10:58,203 - watchfiles.main - INFO - 1 change detected
2025-10-12 20:10:58,555 - watchfiles.main - INFO - 1 change detected
2025-10-12 20:10:58,907 - watchfiles.main - INFO - 1 change detected
2025-10-12 20:10:59,258 - watchfiles.main - INFO - 1 change detected
2025-10-12 20:10:59,610 - watchfiles.main - INFO - 1 change detected
2025-10-12 20:10:59,962 - watchfiles.main - INFO - 1 change detected
2025-10-12 20:11:00,313 - watchfiles.main - INFO - 1 change detected
2025-10-12 20:11:00,664 - watchfiles.main - INFO - 1 change detected
2025-10-12 20:11:01,015 - watchfiles.main - INFO - 1 change detected
2025-10-12 20:11:01,367 - watchfiles.main - INFO - 1 change detected
2025-10-12 20:11:01,719 - watchfiles.main - INFO - 1 change detected
2025-10-12 20:11:02,071 - watchfiles.main - INFO - 1 change detected
2025-10-12 20:11:02,423 - watchfiles.main - INFO - 1 change detected
2025-10-12 20:11:02,775 - watchfiles.main - INFO - 1 change detected
2025-10-12 20:11:03,126 - watchfiles.main - INFO - 1 change detected
2025-10-12 20:11:03,480 - watchfiles.main - INFO - 1 change detected
2025-10-12 20:11:03,831 - watchfiles.main - INFO - 1 change detected
2025-10-12 20:11:04,185 - watchfiles.main - INFO - 1 change detected
2025-10-12 20:11:04,536 - watchfiles.main - INFO - 1 change detected
2025-10-12 20:11:04,888 - watchfiles.main - INFO - 1 change detected
2025-10-12 20:11:05,240 - watchfiles.main - INFO - 1 change detected
2025-10-12 20:11:05,592 - watchfiles.main - INFO - 1 change detected
2025-10-12 20:11:05,944 - watchfiles.main - INFO - 1 change detected
2025-10-12 20:11:06,295 - watchfiles.main - INFO - 1 change detected
2025-10-12 20:11:06,646 - watchfiles.main - INFO - 1 change detected
2025-10-12 20:11:06,998 - watchfiles.main - INFO - 1 change detected
2025-10-12 20:11:07,350 - watchfiles.main - INFO - 1 change detected
2025-10-12 20:11:07,701 - watchfiles.main - INFO - 1 change detected
2025-10-12 20:11:08,052 - watchfiles.main - INFO - 1 change detected
2025-10-12 20:11:08,404 - watchfiles.main - INFO - 1 change detected
2025-10-12 20:11:08,755 - watchfiles.main - INFO - 1 change detected
2025-10-12 20:11:09,106 - watchfiles.main - INFO - 1 change detected
2025-10-12 20:11:09,458 - watchfiles.main - INFO - 1 change detected
2025-10-12 20:11:09,810 - watchfiles.main - INFO - 1 change detected
2025-10-12 20:11:10,162 - watchfiles.main - INFO - 1 change detected
INFO:     127.0.0.1:37856 - "GET /api/v1/localizacao/cidade?cidade=Salvador&estado=BA HTTP/1.1" 200 OK
INFO:     127.0.0.1:37856 - "GET /api/v1/localizacao/coordenadas?latitude=-12.977749&longitude=-38.501629 HTTP/1.1" 200 OK
2025-10-12 20:11:10,329 - main - WARNING - HTTPException: {'erro': '503: Serviço Embrapa não configurado. Configure EMBRAPA_API_KEY no arquivo .env', 'mensagem': 'Falha ao obter dados históricos', 'sugestao': 'Tente reduzir o período de busca ou usar outra fonte de dados'}
INFO:     127.0.0.1:37856 - "GET /api/v1/clima/historico?latitude=-12.977749&longitude=-38.501629&data_inicio=2025-09-12&data_fim=2025-10-12 HTTP/1.1" 500 Internal Server Error
INFO:     127.0.0.1:37856 - "GET /api/v1/clima/previsao?latitude=-12.977749&longitude=-38.501629&dias=1 HTTP/1.1" 200 OK
2025-10-12 20:11:10,515 - watchfiles.main - INFO - 1 change detected
INFO:     127.0.0.1:37856 - "GET /api/v1/clima/previsao?latitude=-12.977749&longitude=-38.501629&dias=7 HTTP/1.1" 200 OK
2025-10-12 20:11:10,866 - watchfiles.main - INFO - 1 change detected
2025-10-12 20:11:11,218 - watchfiles.main - INFO - 1 change detected
2025-10-12 20:11:11,569 - watchfiles.main - INFO - 1 change detected
2025-10-12 20:11:11,921 - watchfiles.main - INFO - 1 change detected
2025-10-12 20:11:12,273 - watchfiles.main - INFO - 1 change detected
2025-10-12 20:11:12,625 - watchfiles.main - INFO - 1 change detected
2025-10-12 20:11:12,976 - watchfiles.main - INFO - 1 change detected
2025-10-12 20:11:13,328 - watchfiles.main - INFO - 1 change detected
2025-10-12 20:11:13,680 - watchfiles.main - INFO - 1 change detected
2025-10-12 20:11:14,033 - watchfiles.main - INFO - 1 change detected
2025-10-12 20:11:14,384 - watchfiles.main - INFO - 1 change detected
2025-10-12 20:11:14,735 - watchfiles.main - INFO - 1 change detected
2025-10-12 20:11:15,086 - watchfiles.main - INFO - 1 change detected
2025-10-12 20:11:15,436 - watchfiles.main - INFO - 1 change detected
2025-10-12 20:11:15,793 - watchfiles.main - INFO - 1 change detected
2025-10-12 20:11:16,144 - watchfiles.main - INFO - 1 change detected
2025-10-12 20:11:16,495 - watchfiles.main - INFO - 1 change detected
2025-10-12 20:11:16,846 - watchfiles.main - INFO - 1 change detected
2025-10-12 20:11:17,197 - watchfiles.main - INFO - 1 change detected
2025-10-12 20:11:17,548 - watchfiles.main - INFO - 1 change detected
2025-10-12 20:11:17,900 - watchfiles.main - INFO - 1 change detected
2025-10-12 20:11:18,250 - watchfiles.main - INFO - 1 change detected
2025-10-12 20:11:18,602 - watchfiles.main - INFO - 1 change detected
2025-10-12 20:11:18,953 - watchfiles.main - INFO - 1 change detected
2025-10-12 20:11:19,304 - watchfiles.main - INFO - 1 change detected
2025-10-12 20:11:19,657 - watchfiles.main - INFO - 1 change detected
2025-10-12 20:11:20,011 - watchfiles.main - INFO - 1 change detected
2025-10-12 20:11:20,363 - watchfiles.main - INFO - 1 change detected
2025-10-12 20:11:20,715 - watchfiles.main - INFO - 1 change detected
2025-10-12 20:11:21,066 - watchfiles.main - INFO - 1 change detected
2025-10-12 20:11:21,418 - watchfiles.main - INFO - 1 change detected
2025-10-12 20:11:21,769 - watchfiles.main - INFO - 1 change detected
2025-10-12 20:11:22,122 - watchfiles.main - INFO - 1 change detected
2025-10-12 20:11:22,473 - watchfiles.main - INFO - 1 change detected
2025-10-12 20:11:22,825 - watchfiles.main - INFO - 1 change detected
2025-10-12 20:11:23,177 - watchfiles.main - INFO - 1 change detected
2025-10-12 20:11:23,529 - watchfiles.main - INFO - 1 change detected
2025-10-12 20:11:23,880 - watchfiles.main - INFO - 1 change detected
2025-10-12 20:11:24,233 - watchfiles.main - INFO - 1 change detected
2025-10-12 20:11:24,583 - watchfiles.main - INFO - 1 change detected
2025-10-12 20:11:24,937 - watchfiles.main - INFO - 1 change detected
2025-10-12 20:11:25,288 - watchfiles.main - INFO - 1 change detected
2025-10-12 20:11:25,640 - watchfiles.main - INFO - 1 change detected
2025-10-12 20:11:25,992 - watchfiles.main - INFO - 1 change detected
2025-10-12 20:11:26,345 - watchfiles.main - INFO - 1 change detected
2025-10-12 20:11:26,697 - watchfiles.main - INFO - 1 change detected
2025-10-12 20:11:27,049 - watchfiles.main - INFO - 1 change detected
2025-10-12 20:11:27,400 - watchfiles.main - INFO - 1 change detected
2025-10-12 20:11:27,752 - watchfiles.main - INFO - 1 change detected
2025-10-12 20:11:28,104 - watchfiles.main - INFO - 1 change detected
2025-10-12 20:11:28,456 - watchfiles.main - INFO - 1 change detected
2025-10-12 20:11:28,807 - watchfiles.main - INFO - 1 change detected
2025-10-12 20:11:29,158 - watchfiles.main - INFO - 1 change detected
2025-10-12 20:11:29,509 - watchfiles.main - INFO - 1 change detected
2025-10-12 20:11:29,861 - watchfiles.main - INFO - 1 change detected
2025-10-12 20:11:30,213 - watchfiles.main - INFO - 1 change detected
2025-10-12 20:11:30,564 - watchfiles.main - INFO - 1 change detected
2025-10-12 20:11:30,916 - watchfiles.main - INFO - 1 change detected
2025-10-12 20:11:31,268 - watchfiles.main - INFO - 1 change detected
2025-10-12 20:11:31,619 - watchfiles.main - INFO - 1 change detected
2025-10-12 20:11:31,971 - watchfiles.main - INFO - 1 change detected
2025-10-12 20:11:32,322 - watchfiles.main - INFO - 1 change detected
2025-10-12 20:11:32,673 - watchfiles.main - INFO - 1 change detected
2025-10-12 20:11:33,025 - watchfiles.main - INFO - 1 change detected
2025-10-12 20:11:33,377 - watchfiles.main - INFO - 1 change detected
2025-10-12 20:11:33,729 - watchfiles.main - INFO - 1 change detected
2025-10-12 20:11:34,080 - watchfiles.main - INFO - 1 change detected
2025-10-12 20:11:34,432 - watchfiles.main - INFO - 1 change detected
2025-10-12 20:11:34,784 - watchfiles.main - INFO - 1 change detected
2025-10-12 20:11:35,136 - watchfiles.main - INFO - 1 change detected
2025-10-12 20:11:35,488 - watchfiles.main - INFO - 1 change detected
2025-10-12 20:11:35,840 - watchfiles.main - INFO - 1 change detected
2025-10-12 20:11:36,192 - watchfiles.main - INFO - 1 change detected
2025-10-12 20:11:36,544 - watchfiles.main - INFO - 1 change detected
2025-10-12 20:11:36,896 - watchfiles.main - INFO - 1 change detected
2025-10-12 20:11:37,248 - watchfiles.main - INFO - 1 change detected
2025-10-12 20:11:37,600 - watchfiles.main - INFO - 1 change detected
2025-10-12 20:11:37,953 - watchfiles.main - INFO - 1 change detected
2025-10-12 20:11:38,304 - watchfiles.main - INFO - 1 change detected
2025-10-12 20:11:38,656 - watchfiles.main - INFO - 1 change detected
2025-10-12 20:11:39,008 - watchfiles.main - INFO - 1 change detected
2025-10-12 20:11:39,359 - watchfiles.main - INFO - 1 change detected
2025-10-12 20:11:39,711 - watchfiles.main - INFO - 1 change detected
2025-10-12 20:11:40,063 - watchfiles.main - INFO - 1 change detected
2025-10-12 20:11:40,416 - watchfiles.main - INFO - 1 change detected
2025-10-12 20:11:40,768 - watchfiles.main - INFO - 1 change detected
2025-10-12 20:11:41,120 - watchfiles.main - INFO - 1 change detected
2025-10-12 20:11:41,472 - watchfiles.main - INFO - 1 change detected
2025-10-12 20:11:41,823 - watchfiles.main - INFO - 1 change detected
2025-10-12 20:11:42,175 - watchfiles.main - INFO - 1 change detected
2025-10-12 20:11:42,527 - watchfiles.main - INFO - 1 change detected
2025-10-12 20:11:42,879 - watchfiles.main - INFO - 1 change detected
2025-10-12 20:11:43,230 - watchfiles.main - INFO - 1 change detected
2025-10-12 20:11:43,582 - watchfiles.main - INFO - 1 change detected
2025-10-12 20:11:43,934 - watchfiles.main - INFO - 1 change detected
2025-10-12 20:11:44,285 - watchfiles.main - INFO - 1 change detected
2025-10-12 20:11:44,637 - watchfiles.main - INFO - 1 change detected
2025-10-12 20:11:44,989 - watchfiles.main - INFO - 1 change detected
2025-10-12 20:11:45,341 - watchfiles.main - INFO - 1 change detected
2025-10-12 20:11:45,692 - watchfiles.main - INFO - 1 change detected
2025-10-12 20:11:46,044 - watchfiles.main - INFO - 1 change detected
2025-10-12 20:11:46,396 - watchfiles.main - INFO - 1 change detected
2025-10-12 20:11:46,748 - watchfiles.main - INFO - 1 change detected
2025-10-12 20:11:47,100 - watchfiles.main - INFO - 1 change detected
2025-10-12 20:11:47,451 - watchfiles.main - INFO - 1 change detected
2025-10-12 20:11:47,804 - watchfiles.main - INFO - 1 change detected
2025-10-12 20:11:48,155 - watchfiles.main - INFO - 1 change detected
2025-10-12 20:11:48,507 - watchfiles.main - INFO - 1 change detected
2025-10-12 20:11:48,859 - watchfiles.main - INFO - 1 change detected
2025-10-12 20:11:49,211 - watchfiles.main - INFO - 1 change detected
2025-10-12 20:11:49,562 - watchfiles.main - INFO - 1 change detected
2025-10-12 20:11:49,913 - watchfiles.main - INFO - 1 change detected
2025-10-12 20:11:50,265 - watchfiles.main - INFO - 1 change detected
2025-10-12 20:11:50,617 - watchfiles.main - INFO - 1 change detected
2025-10-12 20:11:50,969 - watchfiles.main - INFO - 1 change detected
2025-10-12 20:11:51,321 - watchfiles.main - INFO - 1 change detected
2025-10-12 20:11:51,673 - watchfiles.main - INFO - 1 change detected
2025-10-12 20:11:52,024 - watchfiles.main - INFO - 1 change detected
2025-10-12 20:11:52,376 - watchfiles.main - INFO - 1 change detected
2025-10-12 20:11:52,728 - watchfiles.main - INFO - 1 change detected
2025-10-12 20:11:53,079 - watchfiles.main - INFO - 1 change detected
2025-10-12 20:11:53,430 - watchfiles.main - INFO - 1 change detected
2025-10-12 20:11:53,782 - watchfiles.main - INFO - 1 change detected
2025-10-12 20:11:53,931 - services.audit_service - INFO - Audit log created: pricing_calculation - calculate - success (ID: fe67d4fd-14f3-40a0-9194-0228f1b74dfb)
INFO:     127.0.0.1:52452 - "POST /api/v1/pricing/calculate HTTP/1.1" 200 OK
2025-10-12 20:11:53,993 - services.audit_service - INFO - Audit log created: pricing_calculation - calculate - success (ID: cecf2661-0d56-4bcf-9342-7ff821b0ef60)
INFO:     127.0.0.1:52468 - "POST /api/v1/pricing/calculate HTTP/1.1" 200 OK
2025-10-12 20:11:54,017 - services.audit_service - INFO - Audit log created: pricing_calculation - calculate - success (ID: 2d31cb56-254c-49d9-895f-6abc0c431224)
2025-10-12 20:11:54,027 - services.audit_service - INFO - Audit log created: pricing_calculation - calculate - success (ID: ec4ff4bc-9675-403f-bc50-2ea3a4303279)
INFO:     127.0.0.1:52470 - "POST /api/v1/pricing/calculate HTTP/1.1" 200 OK
2025-10-12 20:11:54,040 - services.audit_service - INFO - Audit log created: pricing_calculation - calculate - success (ID: a1d97590-e552-4c97-95c1-df7b7a00081d)
INFO:     127.0.0.1:52484 - "POST /api/v1/pricing/calculate HTTP/1.1" 200 OK
INFO:     127.0.0.1:52498 - "POST /api/v1/pricing/calculate HTTP/1.1" 200 OK
2025-10-12 20:11:54,134 - watchfiles.main - INFO - 4 changes detected
2025-10-12 20:11:54,166 - services.external_api_service - WARNING - OpenWeather API key not configured, using mock data
2025-10-12 20:11:54,166 - services.external_api_service - WARNING - FRED API key not configured, using mock data
2025-10-12 20:11:54,166 - services.external_api_service - WARNING - Alpha Vantage API key not configured, using mock data
2025-10-12 20:11:54,182 - services.audit_service - INFO - Audit log created: external_data_retrieval - fetch - success (ID: cf74f073-2c44-4b64-93fd-e6d5a437e620)
INFO:     127.0.0.1:52512 - "GET /api/v1/external/real-time-data?latitude=-15&longitude=-47 HTTP/1.1" 200 OK
2025-10-12 20:11:54,286 - main - WARNING - HTTPException: Erro na predição ML: name 'smart_cache' is not defined
INFO:     127.0.0.1:52522 - "POST /api/v1/modelagem/ml-sinistrality-prediction HTTP/1.1" 400 Bad Request
2025-10-12 20:11:54,486 - watchfiles.main - INFO - 4 changes detected
2025-10-12 20:11:54,837 - watchfiles.main - INFO - 1 change detected
2025-10-12 20:11:55,188 - watchfiles.main - INFO - 1 change detected
2025-10-12 20:11:55,539 - watchfiles.main - INFO - 1 change detected
2025-10-12 20:11:55,891 - watchfiles.main - INFO - 1 change detected
2025-10-12 20:11:56,243 - watchfiles.main - INFO - 1 change detected
2025-10-12 20:11:56,595 - watchfiles.main - INFO - 1 change detected
2025-10-12 20:11:56,947 - watchfiles.main - INFO - 1 change detected
2025-10-12 20:11:57,299 - watchfiles.main - INFO - 1 change detected
2025-10-12 20:11:57,651 - watchfiles.main - INFO - 1 change detected
2025-10-12 20:11:58,003 - watchfiles.main - INFO - 1 change detected
2025-10-12 20:11:58,354 - watchfiles.main - INFO - 1 change detected
2025-10-12 20:11:58,706 - watchfiles.main - INFO - 1 change detected
2025-10-12 20:11:59,057 - watchfiles.main - INFO - 1 change detected
2025-10-12 20:11:59,409 - watchfiles.main - INFO - 1 change detected
2025-10-12 20:11:59,761 - watchfiles.main - INFO - 1 change detected
2025-10-12 20:12:00,113 - watchfiles.main - INFO - 1 change detected
2025-10-12 20:12:00,465 - watchfiles.main - INFO - 1 change detected
2025-10-12 20:12:00,818 - watchfiles.main - INFO - 1 change detected
2025-10-12 20:12:01,169 - watchfiles.main - INFO - 1 change detected
2025-10-12 20:12:01,521 - watchfiles.main - INFO - 1 change detected
2025-10-12 20:12:01,873 - watchfiles.main - INFO - 1 change detected
2025-10-12 20:12:02,225 - watchfiles.main - INFO - 1 change detected
2025-10-12 20:12:02,577 - watchfiles.main - INFO - 1 change detected
2025-10-12 20:12:02,928 - watchfiles.main - INFO - 1 change detected
2025-10-12 20:12:03,280 - watchfiles.main - INFO - 1 change detected
2025-10-12 20:12:03,632 - watchfiles.main - INFO - 1 change detected
2025-10-12 20:12:03,983 - watchfiles.main - INFO - 1 change detected
2025-10-12 20:12:04,335 - watchfiles.main - INFO - 1 change detected
2025-10-12 20:12:04,687 - watchfiles.main - INFO - 1 change detected
2025-10-12 20:12:05,039 - watchfiles.main - INFO - 1 change detected
2025-10-12 20:12:05,390 - watchfiles.main - INFO - 1 change detected
2025-10-12 20:12:05,742 - watchfiles.main - INFO - 1 change detected
2025-10-12 20:12:06,094 - watchfiles.main - INFO - 1 change detected
2025-10-12 20:12:06,446 - watchfiles.main - INFO - 1 change detected
2025-10-12 20:12:06,798 - watchfiles.main - INFO - 1 change detected
2025-10-12 20:12:07,150 - watchfiles.main - INFO - 1 change detected
2025-10-12 20:12:07,502 - watchfiles.main - INFO - 1 change detected
2025-10-12 20:12:07,855 - watchfiles.main - INFO - 1 change detected
2025-10-12 20:12:08,207 - watchfiles.main - INFO - 1 change detected
2025-10-12 20:12:08,559 - watchfiles.main - INFO - 1 change detected
2025-10-12 20:12:08,910 - watchfiles.main - INFO - 1 change detected
2025-10-12 20:12:09,262 - watchfiles.main - INFO - 1 change detected
2025-10-12 20:12:09,614 - watchfiles.main - INFO - 1 change detected
2025-10-12 20:12:09,966 - watchfiles.main - INFO - 1 change detected
2025-10-12 20:12:10,318 - watchfiles.main - INFO - 1 change detected
2025-10-12 20:12:10,670 - watchfiles.main - INFO - 1 change detected
2025-10-12 20:12:11,022 - watchfiles.main - INFO - 1 change detected
2025-10-12 20:12:11,374 - watchfiles.main - INFO - 1 change detected
2025-10-12 20:12:11,726 - watchfiles.main - INFO - 1 change detected
2025-10-12 20:12:12,078 - watchfiles.main - INFO - 1 change detected
2025-10-12 20:12:12,430 - watchfiles.main - INFO - 1 change detected
2025-10-12 20:12:12,781 - watchfiles.main - INFO - 1 change detected
2025-10-12 20:12:13,133 - watchfiles.main - INFO - 1 change detected
2025-10-12 20:12:13,485 - watchfiles.main - INFO - 1 change detected
2025-10-12 20:12:13,838 - watchfiles.main - INFO - 1 change detected
2025-10-12 20:12:14,189 - watchfiles.main - INFO - 1 change detected
2025-10-12 20:12:14,541 - watchfiles.main - INFO - 1 change detected
2025-10-12 20:12:14,891 - watchfiles.main - INFO - 1 change detected
2025-10-12 20:12:15,242 - watchfiles.main - INFO - 1 change detected
2025-10-12 20:12:15,593 - watchfiles.main - INFO - 1 change detected
2025-10-12 20:12:15,944 - watchfiles.main - INFO - 1 change detected
2025-10-12 20:12:16,295 - watchfiles.main - INFO - 1 change detected
2025-10-12 20:12:16,647 - watchfiles.main - INFO - 1 change detected
2025-10-12 20:12:16,999 - watchfiles.main - INFO - 1 change detected
2025-10-12 20:12:17,351 - watchfiles.main - INFO - 1 change detected
2025-10-12 20:12:17,703 - watchfiles.main - INFO - 1 change detected
2025-10-12 20:12:18,056 - watchfiles.main - INFO - 1 change detected
2025-10-12 20:12:18,407 - watchfiles.main - INFO - 1 change detected
2025-10-12 20:12:18,758 - watchfiles.main - INFO - 1 change detected
2025-10-12 20:12:19,110 - watchfiles.main - INFO - 1 change detected
2025-10-12 20:12:19,462 - watchfiles.main - INFO - 1 change detected
2025-10-12 20:12:19,813 - watchfiles.main - INFO - 1 change detected
2025-10-12 20:12:20,165 - watchfiles.main - INFO - 1 change detected
2025-10-12 20:12:20,517 - watchfiles.main - INFO - 1 change detected
2025-10-12 20:12:20,869 - watchfiles.main - INFO - 1 change detected
2025-10-12 20:12:21,220 - watchfiles.main - INFO - 1 change detected
2025-10-12 20:12:21,572 - watchfiles.main - INFO - 1 change detected
2025-10-12 20:12:21,924 - watchfiles.main - INFO - 1 change detected
2025-10-12 20:12:22,275 - watchfiles.main - INFO - 1 change detected
2025-10-12 20:12:22,627 - watchfiles.main - INFO - 1 change detected
2025-10-12 20:12:22,979 - watchfiles.main - INFO - 1 change detected
2025-10-12 20:12:23,330 - watchfiles.main - INFO - 1 change detected
2025-10-12 20:12:23,682 - watchfiles.main - INFO - 1 change detected
2025-10-12 20:12:24,034 - watchfiles.main - INFO - 1 change detected
2025-10-12 20:12:24,386 - watchfiles.main - INFO - 1 change detected
2025-10-12 20:12:24,738 - watchfiles.main - INFO - 1 change detected
2025-10-12 20:12:25,090 - watchfiles.main - INFO - 1 change detected
2025-10-12 20:12:25,442 - watchfiles.main - INFO - 1 change detected
2025-10-12 20:12:25,794 - watchfiles.main - INFO - 1 change detected
2025-10-12 20:12:26,146 - watchfiles.main - INFO - 1 change detected
2025-10-12 20:12:26,498 - watchfiles.main - INFO - 1 change detected
2025-10-12 20:12:26,850 - watchfiles.main - INFO - 1 change detected
2025-10-12 20:12:27,202 - watchfiles.main - INFO - 1 change detected
2025-10-12 20:12:27,554 - watchfiles.main - INFO - 1 change detected
2025-10-12 20:12:27,906 - watchfiles.main - INFO - 1 change detected
2025-10-12 20:12:28,259 - watchfiles.main - INFO - 1 change detected
2025-10-12 20:12:28,611 - watchfiles.main - INFO - 1 change detected
2025-10-12 20:12:28,963 - watchfiles.main - INFO - 1 change detected
2025-10-12 20:12:29,315 - watchfiles.main - INFO - 1 change detected
2025-10-12 20:12:29,667 - watchfiles.main - INFO - 1 change detected
2025-10-12 20:12:30,019 - watchfiles.main - INFO - 1 change detected
2025-10-12 20:12:30,371 - watchfiles.main - INFO - 1 change detected
2025-10-12 20:12:30,723 - watchfiles.main - INFO - 1 change detected
2025-10-12 20:12:31,075 - watchfiles.main - INFO - 1 change detected
2025-10-12 20:12:31,427 - watchfiles.main - INFO - 1 change detected
2025-10-12 20:12:31,779 - watchfiles.main - INFO - 1 change detected
2025-10-12 20:12:32,130 - watchfiles.main - INFO - 1 change detected
2025-10-12 20:12:32,482 - watchfiles.main - INFO - 1 change detected
2025-10-12 20:12:32,834 - watchfiles.main - INFO - 1 change detected
2025-10-12 20:12:33,185 - watchfiles.main - INFO - 1 change detected
2025-10-12 20:12:33,536 - watchfiles.main - INFO - 1 change detected
2025-10-12 20:12:33,888 - watchfiles.main - INFO - 1 change detected
2025-10-12 20:12:34,239 - watchfiles.main - INFO - 1 change detected
2025-10-12 20:12:34,592 - watchfiles.main - INFO - 1 change detected
2025-10-12 20:12:34,943 - watchfiles.main - INFO - 1 change detected
2025-10-12 20:12:35,295 - watchfiles.main - INFO - 1 change detected
2025-10-12 20:12:35,647 - watchfiles.main - INFO - 1 change detected
2025-10-12 20:12:35,999 - watchfiles.main - INFO - 1 change detected
2025-10-12 20:12:36,351 - watchfiles.main - INFO - 1 change detected
2025-10-12 20:12:36,703 - watchfiles.main - INFO - 1 change detected
2025-10-12 20:12:37,055 - watchfiles.main - INFO - 1 change detected
2025-10-12 20:12:37,407 - watchfiles.main - INFO - 1 change detected
2025-10-12 20:12:37,759 - watchfiles.main - INFO - 1 change detected
2025-10-12 20:12:38,111 - watchfiles.main - INFO - 1 change detected
2025-10-12 20:12:38,463 - watchfiles.main - INFO - 1 change detected
2025-10-12 20:12:38,814 - watchfiles.main - INFO - 1 change detected
2025-10-12 20:12:39,166 - watchfiles.main - INFO - 1 change detected
2025-10-12 20:12:39,518 - watchfiles.main - INFO - 1 change detected
2025-10-12 20:12:39,870 - watchfiles.main - INFO - 1 change detected
2025-10-12 20:12:40,222 - watchfiles.main - INFO - 1 change detected
2025-10-12 20:12:40,574 - watchfiles.main - INFO - 1 change detected
2025-10-12 20:12:40,926 - watchfiles.main - INFO - 1 change detected
2025-10-12 20:12:41,278 - watchfiles.main - INFO - 1 change detected
2025-10-12 20:12:41,630 - watchfiles.main - INFO - 1 change detected
2025-10-12 20:12:41,982 - watchfiles.main - INFO - 1 change detected
2025-10-12 20:12:42,334 - watchfiles.main - INFO - 1 change detected
2025-10-12 20:12:42,686 - watchfiles.main - INFO - 1 change detected
2025-10-12 20:12:43,038 - watchfiles.main - INFO - 1 change detected
2025-10-12 20:12:43,389 - watchfiles.main - INFO - 1 change detected
2025-10-12 20:12:43,741 - watchfiles.main - INFO - 1 change detected
2025-10-12 20:12:44,093 - watchfiles.main - INFO - 1 change detected
2025-10-12 20:12:44,446 - watchfiles.main - INFO - 1 change detected
2025-10-12 20:12:44,798 - watchfiles.main - INFO - 1 change detected
2025-10-12 20:12:45,150 - watchfiles.main - INFO - 1 change detected
2025-10-12 20:12:45,501 - watchfiles.main - INFO - 1 change detected
2025-10-12 20:12:45,853 - watchfiles.main - INFO - 1 change detected
2025-10-12 20:12:46,205 - watchfiles.main - INFO - 1 change detected
2025-10-12 20:12:46,557 - watchfiles.main - INFO - 1 change detected
2025-10-12 20:12:46,910 - watchfiles.main - INFO - 1 change detected
2025-10-12 20:12:47,262 - watchfiles.main - INFO - 1 change detected
2025-10-12 20:12:47,614 - watchfiles.main - INFO - 1 change detected
2025-10-12 20:12:47,966 - watchfiles.main - INFO - 1 change detected
2025-10-12 20:12:48,318 - watchfiles.main - INFO - 1 change detected
2025-10-12 20:12:48,670 - watchfiles.main - INFO - 1 change detected
2025-10-12 20:12:49,022 - watchfiles.main - INFO - 1 change detected
2025-10-12 20:12:49,373 - watchfiles.main - INFO - 1 change detected
2025-10-12 20:12:49,725 - watchfiles.main - INFO - 1 change detected
2025-10-12 20:12:50,078 - watchfiles.main - INFO - 1 change detected
2025-10-12 20:12:50,429 - watchfiles.main - INFO - 1 change detected
2025-10-12 20:12:50,781 - watchfiles.main - INFO - 1 change detected
2025-10-12 20:12:51,133 - watchfiles.main - INFO - 1 change detected
2025-10-12 20:12:51,485 - watchfiles.main - INFO - 1 change detected
2025-10-12 20:12:51,837 - watchfiles.main - INFO - 1 change detected
2025-10-12 20:12:52,189 - watchfiles.main - INFO - 1 change detected
2025-10-12 20:12:52,541 - watchfiles.main - INFO - 1 change detected
2025-10-12 20:12:52,893 - watchfiles.main - INFO - 1 change detected
2025-10-12 20:12:53,245 - watchfiles.main - INFO - 1 change detected
2025-10-12 20:12:53,598 - watchfiles.main - INFO - 1 change detected
2025-10-12 20:12:53,950 - watchfiles.main - INFO - 1 change detected
2025-10-12 20:12:54,301 - watchfiles.main - INFO - 1 change detected
2025-10-12 20:12:54,653 - watchfiles.main - INFO - 1 change detected
2025-10-12 20:12:55,005 - watchfiles.main - INFO - 1 change detected
2025-10-12 20:12:55,357 - watchfiles.main - INFO - 1 change detected
2025-10-12 20:12:55,709 - watchfiles.main - INFO - 1 change detected
2025-10-12 20:12:56,062 - watchfiles.main - INFO - 1 change detected
2025-10-12 20:12:56,413 - watchfiles.main - INFO - 1 change detected
2025-10-12 20:12:56,765 - watchfiles.main - INFO - 1 change detected
2025-10-12 20:12:57,117 - watchfiles.main - INFO - 1 change detected
2025-10-12 20:12:57,468 - watchfiles.main - INFO - 1 change detected
2025-10-12 20:12:57,820 - watchfiles.main - INFO - 1 change detected
2025-10-12 20:12:58,171 - watchfiles.main - INFO - 1 change detected
2025-10-12 20:12:58,523 - watchfiles.main - INFO - 1 change detected
2025-10-12 20:12:58,875 - watchfiles.main - INFO - 1 change detected
2025-10-12 20:12:59,228 - watchfiles.main - INFO - 1 change detected
2025-10-12 20:12:59,580 - watchfiles.main - INFO - 1 change detected
2025-10-12 20:12:59,931 - watchfiles.main - INFO - 1 change detected
2025-10-12 20:13:00,283 - watchfiles.main - INFO - 1 change detected
2025-10-12 20:13:00,634 - watchfiles.main - INFO - 1 change detected
2025-10-12 20:13:00,986 - watchfiles.main - INFO - 1 change detected
2025-10-12 20:13:01,337 - watchfiles.main - INFO - 1 change detected
2025-10-12 20:13:01,689 - watchfiles.main - INFO - 1 change detected
2025-10-12 20:13:02,042 - watchfiles.main - INFO - 1 change detected
2025-10-12 20:13:02,393 - watchfiles.main - INFO - 1 change detected
2025-10-12 20:13:02,745 - watchfiles.main - INFO - 1 change detected
2025-10-12 20:13:03,097 - watchfiles.main - INFO - 1 change detected
2025-10-12 20:13:03,449 - watchfiles.main - INFO - 1 change detected
2025-10-12 20:13:03,801 - watchfiles.main - INFO - 1 change detected
2025-10-12 20:13:04,153 - watchfiles.main - INFO - 1 change detected
2025-10-12 20:13:04,505 - watchfiles.main - INFO - 1 change detected
2025-10-12 20:13:04,857 - watchfiles.main - INFO - 1 change detected
2025-10-12 20:13:05,209 - watchfiles.main - INFO - 1 change detected
2025-10-12 20:13:05,561 - watchfiles.main - INFO - 1 change detected
2025-10-12 20:13:05,913 - watchfiles.main - INFO - 1 change detected
2025-10-12 20:13:06,265 - watchfiles.main - INFO - 1 change detected
2025-10-12 20:13:06,617 - watchfiles.main - INFO - 1 change detected
2025-10-12 20:13:06,969 - watchfiles.main - INFO - 1 change detected
2025-10-12 20:13:07,321 - watchfiles.main - INFO - 1 change detected
2025-10-12 20:13:07,674 - watchfiles.main - INFO - 1 change detected
2025-10-12 20:13:08,026 - watchfiles.main - INFO - 1 change detected
2025-10-12 20:13:08,377 - watchfiles.main - INFO - 1 change detected
2025-10-12 20:13:08,729 - watchfiles.main - INFO - 1 change detected
2025-10-12 20:13:09,080 - watchfiles.main - INFO - 1 change detected
2025-10-12 20:13:09,433 - watchfiles.main - INFO - 1 change detected
2025-10-12 20:13:09,785 - watchfiles.main - INFO - 1 change detected
2025-10-12 20:13:10,136 - watchfiles.main - INFO - 1 change detected
2025-10-12 20:13:10,488 - watchfiles.main - INFO - 1 change detected
2025-10-12 20:13:10,839 - watchfiles.main - INFO - 1 change detected
2025-10-12 20:13:11,191 - watchfiles.main - INFO - 1 change detected
2025-10-12 20:13:11,542 - watchfiles.main - INFO - 1 change detected
2025-10-12 20:13:11,893 - watchfiles.main - INFO - 1 change detected
2025-10-12 20:13:12,244 - watchfiles.main - INFO - 1 change detected
2025-10-12 20:13:12,596 - watchfiles.main - INFO - 1 change detected
2025-10-12 20:13:12,948 - watchfiles.main - INFO - 1 change detected
2025-10-12 20:13:13,299 - watchfiles.main - INFO - 1 change detected
2025-10-12 20:13:13,651 - watchfiles.main - INFO - 1 change detected
2025-10-12 20:13:14,002 - watchfiles.main - INFO - 1 change detected
2025-10-12 20:13:14,354 - watchfiles.main - INFO - 1 change detected
2025-10-12 20:13:14,705 - watchfiles.main - INFO - 1 change detected
2025-10-12 20:13:15,055 - watchfiles.main - INFO - 1 change detected
2025-10-12 20:13:15,406 - watchfiles.main - INFO - 1 change detected
2025-10-12 20:13:15,758 - watchfiles.main - INFO - 1 change detected
2025-10-12 20:13:16,109 - watchfiles.main - INFO - 1 change detected
2025-10-12 20:13:16,460 - watchfiles.main - INFO - 1 change detected
2025-10-12 20:13:16,812 - watchfiles.main - INFO - 1 change detected
2025-10-12 20:13:17,164 - watchfiles.main - INFO - 1 change detected
2025-10-12 20:13:17,515 - watchfiles.main - INFO - 1 change detected
2025-10-12 20:13:17,867 - watchfiles.main - INFO - 1 change detected
2025-10-12 20:13:18,219 - watchfiles.main - INFO - 1 change detected
2025-10-12 20:13:18,571 - watchfiles.main - INFO - 1 change detected
2025-10-12 20:13:18,923 - watchfiles.main - INFO - 1 change detected
2025-10-12 20:13:19,275 - watchfiles.main - INFO - 1 change detected
2025-10-12 20:13:19,627 - watchfiles.main - INFO - 1 change detected
2025-10-12 20:13:19,979 - watchfiles.main - INFO - 1 change detected
2025-10-12 20:13:20,332 - watchfiles.main - INFO - 1 change detected
2025-10-12 20:13:20,683 - watchfiles.main - INFO - 1 change detected
2025-10-12 20:13:21,035 - watchfiles.main - INFO - 1 change detected
2025-10-12 20:13:21,387 - watchfiles.main - INFO - 1 change detected
2025-10-12 20:13:21,739 - watchfiles.main - INFO - 1 change detected
2025-10-12 20:13:22,091 - watchfiles.main - INFO - 1 change detected
2025-10-12 20:13:22,443 - watchfiles.main - INFO - 1 change detected
2025-10-12 20:13:22,795 - watchfiles.main - INFO - 1 change detected
2025-10-12 20:13:23,147 - watchfiles.main - INFO - 1 change detected
2025-10-12 20:13:23,499 - watchfiles.main - INFO - 1 change detected
2025-10-12 20:13:23,850 - watchfiles.main - INFO - 1 change detected
2025-10-12 20:13:24,202 - watchfiles.main - INFO - 1 change detected
2025-10-12 20:13:24,553 - watchfiles.main - INFO - 1 change detected
2025-10-12 20:13:24,905 - watchfiles.main - INFO - 1 change detected
2025-10-12 20:13:25,257 - watchfiles.main - INFO - 1 change detected
2025-10-12 20:13:25,609 - watchfiles.main - INFO - 1 change detected
2025-10-12 20:13:25,961 - watchfiles.main - INFO - 1 change detected
2025-10-12 20:13:26,313 - watchfiles.main - INFO - 1 change detected
2025-10-12 20:13:26,665 - watchfiles.main - INFO - 1 change detected
2025-10-12 20:13:27,017 - watchfiles.main - INFO - 1 change detected
2025-10-12 20:13:27,368 - watchfiles.main - INFO - 1 change detected
2025-10-12 20:13:27,720 - watchfiles.main - INFO - 1 change detected
2025-10-12 20:13:28,072 - watchfiles.main - INFO - 1 change detected
2025-10-12 20:13:28,423 - watchfiles.main - INFO - 1 change detected
2025-10-12 20:13:28,775 - watchfiles.main - INFO - 1 change detected
2025-10-12 20:13:29,127 - watchfiles.main - INFO - 1 change detected
2025-10-12 20:13:29,479 - watchfiles.main - INFO - 1 change detected
2025-10-12 20:13:29,830 - watchfiles.main - INFO - 1 change detected
2025-10-12 20:13:30,182 - watchfiles.main - INFO - 1 change detected
2025-10-12 20:13:30,534 - watchfiles.main - INFO - 1 change detected
2025-10-12 20:13:30,886 - watchfiles.main - INFO - 1 change detected
2025-10-12 20:13:31,237 - watchfiles.main - INFO - 1 change detected
2025-10-12 20:13:31,589 - watchfiles.main - INFO - 1 change detected
2025-10-12 20:13:31,941 - watchfiles.main - INFO - 1 change detected
2025-10-12 20:13:32,292 - watchfiles.main - INFO - 1 change detected
2025-10-12 20:13:32,643 - watchfiles.main - INFO - 1 change detected
2025-10-12 20:13:32,995 - watchfiles.main - INFO - 1 change detected
2025-10-12 20:13:33,348 - watchfiles.main - INFO - 1 change detected
2025-10-12 20:13:33,700 - watchfiles.main - INFO - 1 change detected
2025-10-12 20:13:34,052 - watchfiles.main - INFO - 1 change detected
2025-10-12 20:13:34,403 - watchfiles.main - INFO - 1 change detected
2025-10-12 20:13:34,755 - watchfiles.main - INFO - 1 change detected
2025-10-12 20:13:35,107 - watchfiles.main - INFO - 1 change detected
2025-10-12 20:13:35,459 - watchfiles.main - INFO - 1 change detected
2025-10-12 20:13:35,811 - watchfiles.main - INFO - 1 change detected
2025-10-12 20:13:36,163 - watchfiles.main - INFO - 1 change detected
2025-10-12 20:13:36,515 - watchfiles.main - INFO - 1 change detected
2025-10-12 20:13:36,867 - watchfiles.main - INFO - 1 change detected
2025-10-12 20:13:37,218 - watchfiles.main - INFO - 1 change detected
2025-10-12 20:13:37,570 - watchfiles.main - INFO - 1 change detected
2025-10-12 20:13:37,923 - watchfiles.main - INFO - 1 change detected
2025-10-12 20:13:38,275 - watchfiles.main - INFO - 1 change detected
2025-10-12 20:13:38,627 - watchfiles.main - INFO - 1 change detected
2025-10-12 20:13:38,979 - watchfiles.main - INFO - 1 change detected
2025-10-12 20:13:39,331 - watchfiles.main - INFO - 1 change detected
2025-10-12 20:13:39,683 - watchfiles.main - INFO - 1 change detected
2025-10-12 20:13:40,035 - watchfiles.main - INFO - 1 change detected
2025-10-12 20:13:40,387 - watchfiles.main - INFO - 1 change detected
2025-10-12 20:13:40,740 - watchfiles.main - INFO - 1 change detected
2025-10-12 20:13:41,091 - watchfiles.main - INFO - 1 change detected
2025-10-12 20:13:41,443 - watchfiles.main - INFO - 1 change detected
2025-10-12 20:13:41,795 - watchfiles.main - INFO - 1 change detected
2025-10-12 20:13:42,147 - watchfiles.main - INFO - 1 change detected
2025-10-12 20:13:42,499 - watchfiles.main - INFO - 1 change detected
2025-10-12 20:13:42,852 - watchfiles.main - INFO - 1 change detected
2025-10-12 20:13:43,203 - watchfiles.main - INFO - 1 change detected
2025-10-12 20:13:43,556 - watchfiles.main - INFO - 1 change detected
2025-10-12 20:13:43,908 - watchfiles.main - INFO - 1 change detected
2025-10-12 20:13:44,260 - watchfiles.main - INFO - 1 change detected
2025-10-12 20:13:44,612 - watchfiles.main - INFO - 1 change detected
2025-10-12 20:13:44,964 - watchfiles.main - INFO - 1 change detected
2025-10-12 20:13:45,315 - watchfiles.main - INFO - 1 change detected
2025-10-12 20:13:45,667 - watchfiles.main - INFO - 1 change detected
2025-10-12 20:13:46,019 - watchfiles.main - INFO - 1 change detected
2025-10-12 20:13:46,371 - watchfiles.main - INFO - 1 change detected
2025-10-12 20:13:46,723 - watchfiles.main - INFO - 1 change detected
2025-10-12 20:13:47,075 - watchfiles.main - INFO - 1 change detected
2025-10-12 20:13:47,426 - watchfiles.main - INFO - 1 change detected
2025-10-12 20:13:47,778 - watchfiles.main - INFO - 1 change detected
2025-10-12 20:13:48,130 - watchfiles.main - INFO - 1 change detected
2025-10-12 20:13:48,481 - watchfiles.main - INFO - 1 change detected
2025-10-12 20:13:48,833 - watchfiles.main - INFO - 1 change detected
2025-10-12 20:13:49,185 - watchfiles.main - INFO - 1 change detected
2025-10-12 20:13:49,537 - watchfiles.main - INFO - 1 change detected
2025-10-12 20:13:49,889 - watchfiles.main - INFO - 1 change detected
2025-10-12 20:13:50,241 - watchfiles.main - INFO - 1 change detected
2025-10-12 20:13:50,593 - watchfiles.main - INFO - 1 change detected
2025-10-12 20:13:50,945 - watchfiles.main - INFO - 1 change detected
2025-10-12 20:13:51,297 - watchfiles.main - INFO - 1 change detected
2025-10-12 20:13:51,648 - watchfiles.main - INFO - 1 change detected
2025-10-12 20:13:52,000 - watchfiles.main - INFO - 1 change detected
2025-10-12 20:13:52,352 - watchfiles.main - INFO - 1 change detected
2025-10-12 20:13:52,704 - watchfiles.main - INFO - 1 change detected
2025-10-12 20:13:53,056 - watchfiles.main - INFO - 1 change detected
2025-10-12 20:13:53,408 - watchfiles.main - INFO - 1 change detected
2025-10-12 20:13:53,760 - watchfiles.main - INFO - 1 change detected
2025-10-12 20:13:54,112 - watchfiles.main - INFO - 1 change detected
2025-10-12 20:13:54,464 - watchfiles.main - INFO - 1 change detected
2025-10-12 20:13:54,816 - watchfiles.main - INFO - 1 change detected
2025-10-12 20:13:55,168 - watchfiles.main - INFO - 1 change detected
2025-10-12 20:13:55,519 - watchfiles.main - INFO - 1 change detected
2025-10-12 20:13:55,871 - watchfiles.main - INFO - 1 change detected
2025-10-12 20:13:56,224 - watchfiles.main - INFO - 1 change detected
2025-10-12 20:13:56,576 - watchfiles.main - INFO - 1 change detected
2025-10-12 20:13:56,928 - watchfiles.main - INFO - 1 change detected
2025-10-12 20:13:57,280 - watchfiles.main - INFO - 1 change detected
2025-10-12 20:13:57,631 - watchfiles.main - INFO - 1 change detected
2025-10-12 20:13:57,983 - watchfiles.main - INFO - 1 change detected
2025-10-12 20:13:58,335 - watchfiles.main - INFO - 1 change detected
2025-10-12 20:13:58,687 - watchfiles.main - INFO - 1 change detected
2025-10-12 20:13:59,039 - watchfiles.main - INFO - 1 change detected
2025-10-12 20:13:59,390 - watchfiles.main - INFO - 1 change detected
2025-10-12 20:13:59,742 - watchfiles.main - INFO - 1 change detected
2025-10-12 20:14:00,094 - watchfiles.main - INFO - 1 change detected
2025-10-12 20:14:00,445 - watchfiles.main - INFO - 1 change detected
2025-10-12 20:14:00,796 - watchfiles.main - INFO - 1 change detected
2025-10-12 20:14:01,148 - watchfiles.main - INFO - 1 change detected
2025-10-12 20:14:01,501 - watchfiles.main - INFO - 1 change detected
2025-10-12 20:14:01,853 - watchfiles.main - INFO - 1 change detected
2025-10-12 20:14:02,205 - watchfiles.main - INFO - 1 change detected
2025-10-12 20:14:02,557 - watchfiles.main - INFO - 1 change detected
2025-10-12 20:14:02,909 - watchfiles.main - INFO - 1 change detected
2025-10-12 20:14:03,261 - watchfiles.main - INFO - 1 change detected
2025-10-12 20:14:03,612 - watchfiles.main - INFO - 1 change detected
2025-10-12 20:14:03,964 - watchfiles.main - INFO - 1 change detected
2025-10-12 20:14:04,316 - watchfiles.main - INFO - 1 change detected
2025-10-12 20:14:04,669 - watchfiles.main - INFO - 1 change detected
2025-10-12 20:14:05,021 - watchfiles.main - INFO - 1 change detected
2025-10-12 20:14:05,373 - watchfiles.main - INFO - 1 change detected
2025-10-12 20:14:05,725 - watchfiles.main - INFO - 1 change detected
2025-10-12 20:14:06,077 - watchfiles.main - INFO - 1 change detected
2025-10-12 20:14:06,430 - watchfiles.main - INFO - 1 change detected
2025-10-12 20:14:06,782 - watchfiles.main - INFO - 1 change detected
2025-10-12 20:14:07,132 - watchfiles.main - INFO - 1 change detected
2025-10-12 20:14:07,484 - watchfiles.main - INFO - 1 change detected
2025-10-12 20:14:07,836 - watchfiles.main - INFO - 1 change detected
2025-10-12 20:14:08,188 - watchfiles.main - INFO - 1 change detected
2025-10-12 20:14:08,541 - watchfiles.main - INFO - 1 change detected
2025-10-12 20:14:08,893 - watchfiles.main - INFO - 1 change detected
2025-10-12 20:14:09,244 - watchfiles.main - INFO - 1 change detected
2025-10-12 20:14:09,596 - watchfiles.main - INFO - 1 change detected
2025-10-12 20:14:09,949 - watchfiles.main - INFO - 1 change detected
2025-10-12 20:14:10,301 - watchfiles.main - INFO - 1 change detected
2025-10-12 20:14:10,653 - watchfiles.main - INFO - 1 change detected
2025-10-12 20:14:11,004 - watchfiles.main - INFO - 1 change detected
2025-10-12 20:14:11,355 - watchfiles.main - INFO - 1 change detected
2025-10-12 20:14:11,706 - watchfiles.main - INFO - 1 change detected
2025-10-12 20:14:12,057 - watchfiles.main - INFO - 1 change detected
2025-10-12 20:14:12,408 - watchfiles.main - INFO - 1 change detected
2025-10-12 20:14:12,761 - watchfiles.main - INFO - 1 change detected
2025-10-12 20:14:13,112 - watchfiles.main - INFO - 1 change detected
2025-10-12 20:14:13,463 - watchfiles.main - INFO - 1 change detected
2025-10-12 20:14:13,815 - watchfiles.main - INFO - 1 change detected
2025-10-12 20:14:14,167 - watchfiles.main - INFO - 1 change detected
2025-10-12 20:14:14,518 - watchfiles.main - INFO - 1 change detected
2025-10-12 20:14:14,869 - watchfiles.main - INFO - 1 change detected
2025-10-12 20:14:15,220 - watchfiles.main - INFO - 1 change detected
2025-10-12 20:14:15,573 - watchfiles.main - INFO - 1 change detected
2025-10-12 20:14:15,924 - watchfiles.main - INFO - 1 change detected
2025-10-12 20:14:16,275 - watchfiles.main - INFO - 1 change detected
INFO:     127.0.0.1:38236 - "GET /api/v1/audit/logs?operation=&status=&user_id=&start_date=&end_date=&limit=50 HTTP/1.1" 200 OK
INFO:     127.0.0.1:38244 - "GET /api/v1/audit/compliance/report HTTP/1.1" 404 Not Found
INFO:     127.0.0.1:38260 - "GET /api/v1/audit/logs?operation=&status=&user_id=&start_date=&end_date=&limit=50 HTTP/1.1" 200 OK
INFO:     127.0.0.1:38268 - "GET /api/v1/audit/compliance/report HTTP/1.1" 404 Not Found
2025-10-12 20:14:16,626 - watchfiles.main - INFO - 1 change detected
2025-10-12 20:14:16,977 - watchfiles.main - INFO - 1 change detected
2025-10-12 20:14:17,329 - watchfiles.main - INFO - 1 change detected
2025-10-12 20:14:17,681 - watchfiles.main - INFO - 1 change detected
2025-10-12 20:14:18,032 - watchfiles.main - INFO - 1 change detected
2025-10-12 20:14:18,384 - watchfiles.main - INFO - 1 change detected
2025-10-12 20:14:18,735 - watchfiles.main - INFO - 1 change detected
2025-10-12 20:14:19,086 - watchfiles.main - INFO - 1 change detected
2025-10-12 20:14:19,438 - watchfiles.main - INFO - 1 change detected
2025-10-12 20:14:19,790 - watchfiles.main - INFO - 1 change detected
2025-10-12 20:14:20,141 - watchfiles.main - INFO - 1 change detected
2025-10-12 20:14:20,493 - watchfiles.main - INFO - 1 change detected
2025-10-12 20:14:20,846 - watchfiles.main - INFO - 1 change detected
2025-10-12 20:14:21,198 - watchfiles.main - INFO - 1 change detected
2025-10-12 20:14:21,550 - watchfiles.main - INFO - 1 change detected
2025-10-12 20:14:21,902 - watchfiles.main - INFO - 1 change detected
2025-10-12 20:14:22,253 - watchfiles.main - INFO - 1 change detected
2025-10-12 20:14:22,605 - watchfiles.main - INFO - 1 change detected
2025-10-12 20:14:22,958 - watchfiles.main - INFO - 1 change detected
2025-10-12 20:14:23,310 - watchfiles.main - INFO - 1 change detected
2025-10-12 20:14:23,662 - watchfiles.main - INFO - 1 change detected
2025-10-12 20:14:24,013 - watchfiles.main - INFO - 1 change detected
2025-10-12 20:14:24,364 - watchfiles.main - INFO - 1 change detected
2025-10-12 20:14:24,715 - watchfiles.main - INFO - 1 change detected
2025-10-12 20:14:25,067 - watchfiles.main - INFO - 1 change detected
2025-10-12 20:14:25,419 - watchfiles.main - INFO - 1 change detected
2025-10-12 20:14:25,770 - watchfiles.main - INFO - 1 change detected
2025-10-12 20:14:26,122 - watchfiles.main - INFO - 1 change detected
2025-10-12 20:14:26,473 - watchfiles.main - INFO - 1 change detected
2025-10-12 20:14:26,825 - watchfiles.main - INFO - 1 change detected
2025-10-12 20:14:27,177 - watchfiles.main - INFO - 1 change detected
2025-10-12 20:14:27,529 - watchfiles.main - INFO - 1 change detected
2025-10-12 20:14:27,881 - watchfiles.main - INFO - 1 change detected
2025-10-12 20:14:28,233 - watchfiles.main - INFO - 1 change detected
2025-10-12 20:14:28,585 - watchfiles.main - INFO - 1 change detected
2025-10-12 20:14:28,937 - watchfiles.main - INFO - 1 change detected
2025-10-12 20:14:29,288 - watchfiles.main - INFO - 1 change detected
2025-10-12 20:14:29,639 - watchfiles.main - INFO - 1 change detected
2025-10-12 20:14:29,991 - watchfiles.main - INFO - 1 change detected
2025-10-12 20:14:30,343 - watchfiles.main - INFO - 1 change detected
2025-10-12 20:14:30,695 - watchfiles.main - INFO - 1 change detected
2025-10-12 20:14:31,046 - watchfiles.main - INFO - 1 change detected
2025-10-12 20:14:31,398 - watchfiles.main - INFO - 1 change detected
2025-10-12 20:14:31,750 - watchfiles.main - INFO - 1 change detected
2025-10-12 20:14:32,101 - watchfiles.main - INFO - 1 change detected
2025-10-12 20:14:32,452 - watchfiles.main - INFO - 1 change detected
2025-10-12 20:14:32,805 - watchfiles.main - INFO - 1 change detected
2025-10-12 20:14:33,157 - watchfiles.main - INFO - 1 change detected
2025-10-12 20:14:33,508 - watchfiles.main - INFO - 1 change detected
2025-10-12 20:14:33,860 - watchfiles.main - INFO - 1 change detected
2025-10-12 20:14:34,211 - watchfiles.main - INFO - 1 change detected
2025-10-12 20:14:34,562 - watchfiles.main - INFO - 1 change detected
2025-10-12 20:14:34,914 - watchfiles.main - INFO - 1 change detected
2025-10-12 20:14:35,266 - watchfiles.main - INFO - 1 change detected
2025-10-12 20:14:35,620 - watchfiles.main - INFO - 1 change detected
2025-10-12 20:14:35,971 - watchfiles.main - INFO - 1 change detected
2025-10-12 20:14:36,322 - watchfiles.main - INFO - 1 change detected
2025-10-12 20:14:36,673 - watchfiles.main - INFO - 1 change detected
2025-10-12 20:14:37,025 - watchfiles.main - INFO - 1 change detected
2025-10-12 20:14:37,376 - watchfiles.main - INFO - 1 change detected
2025-10-12 20:14:37,728 - watchfiles.main - INFO - 1 change detected
2025-10-12 20:14:38,078 - watchfiles.main - INFO - 1 change detected
2025-10-12 20:14:38,429 - watchfiles.main - INFO - 1 change detected
2025-10-12 20:14:38,780 - watchfiles.main - INFO - 1 change detected
2025-10-12 20:14:39,132 - watchfiles.main - INFO - 1 change detected
2025-10-12 20:14:39,484 - watchfiles.main - INFO - 1 change detected
2025-10-12 20:14:39,836 - watchfiles.main - INFO - 1 change detected
2025-10-12 20:14:40,188 - watchfiles.main - INFO - 1 change detected
2025-10-12 20:14:40,540 - watchfiles.main - INFO - 1 change detected
2025-10-12 20:14:40,891 - watchfiles.main - INFO - 1 change detected
2025-10-12 20:14:41,242 - watchfiles.main - INFO - 1 change detected
2025-10-12 20:14:41,594 - watchfiles.main - INFO - 1 change detected
2025-10-12 20:14:41,946 - watchfiles.main - INFO - 1 change detected
2025-10-12 20:14:42,298 - watchfiles.main - INFO - 1 change detected
2025-10-12 20:14:42,650 - watchfiles.main - INFO - 1 change detected
2025-10-12 20:14:43,002 - watchfiles.main - INFO - 1 change detected
2025-10-12 20:14:43,353 - watchfiles.main - INFO - 1 change detected
2025-10-12 20:14:43,705 - watchfiles.main - INFO - 1 change detected
2025-10-12 20:14:44,058 - watchfiles.main - INFO - 1 change detected
2025-10-12 20:14:44,410 - watchfiles.main - INFO - 1 change detected
2025-10-12 20:14:44,761 - watchfiles.main - INFO - 1 change detected
2025-10-12 20:14:45,113 - watchfiles.main - INFO - 1 change detected
2025-10-12 20:14:45,465 - watchfiles.main - INFO - 1 change detected
2025-10-12 20:14:45,816 - watchfiles.main - INFO - 1 change detected
2025-10-12 20:14:46,167 - watchfiles.main - INFO - 1 change detected
2025-10-12 20:14:46,518 - watchfiles.main - INFO - 1 change detected
2025-10-12 20:14:46,868 - watchfiles.main - INFO - 1 change detected
2025-10-12 20:14:47,220 - watchfiles.main - INFO - 1 change detected
2025-10-12 20:14:47,572 - watchfiles.main - INFO - 1 change detected
2025-10-12 20:14:47,923 - watchfiles.main - INFO - 1 change detected
2025-10-12 20:14:48,274 - watchfiles.main - INFO - 1 change detected
2025-10-12 20:14:48,625 - watchfiles.main - INFO - 1 change detected
2025-10-12 20:14:48,979 - watchfiles.main - INFO - 1 change detected
2025-10-12 20:14:49,330 - watchfiles.main - INFO - 1 change detected
2025-10-12 20:14:49,681 - watchfiles.main - INFO - 1 change detected
2025-10-12 20:14:50,032 - watchfiles.main - INFO - 1 change detected
2025-10-12 20:14:50,383 - watchfiles.main - INFO - 1 change detected
2025-10-12 20:14:50,734 - watchfiles.main - INFO - 1 change detected
2025-10-12 20:14:51,086 - watchfiles.main - INFO - 1 change detected
2025-10-12 20:14:51,438 - watchfiles.main - INFO - 1 change detected
2025-10-12 20:14:51,790 - watchfiles.main - INFO - 1 change detected
2025-10-12 20:14:52,142 - watchfiles.main - INFO - 1 change detected
2025-10-12 20:14:52,494 - watchfiles.main - INFO - 1 change detected
2025-10-12 20:14:52,845 - watchfiles.main - INFO - 1 change detected
2025-10-12 20:14:53,197 - watchfiles.main - INFO - 1 change detected
2025-10-12 20:14:53,548 - watchfiles.main - INFO - 1 change detected
2025-10-12 20:14:53,900 - watchfiles.main - INFO - 1 change detected
2025-10-12 20:14:54,251 - watchfiles.main - INFO - 1 change detected
2025-10-12 20:14:54,602 - watchfiles.main - INFO - 1 change detected
2025-10-12 20:14:54,953 - watchfiles.main - INFO - 1 change detected
2025-10-12 20:14:55,304 - watchfiles.main - INFO - 1 change detected
2025-10-12 20:14:55,655 - watchfiles.main - INFO - 1 change detected
2025-10-12 20:14:56,006 - watchfiles.main - INFO - 1 change detected
2025-10-12 20:14:56,357 - watchfiles.main - INFO - 1 change detected
2025-10-12 20:14:56,708 - watchfiles.main - INFO - 1 change detected
2025-10-12 20:14:57,059 - watchfiles.main - INFO - 1 change detected
2025-10-12 20:14:57,411 - watchfiles.main - INFO - 1 change detected
2025-10-12 20:14:57,762 - watchfiles.main - INFO - 1 change detected
2025-10-12 20:14:58,114 - watchfiles.main - INFO - 1 change detected
2025-10-12 20:14:58,465 - watchfiles.main - INFO - 1 change detected
2025-10-12 20:14:58,823 - watchfiles.main - INFO - 1 change detected
2025-10-12 20:14:59,174 - watchfiles.main - INFO - 1 change detected
2025-10-12 20:14:59,525 - watchfiles.main - INFO - 1 change detected
2025-10-12 20:14:59,876 - watchfiles.main - INFO - 1 change detected
2025-10-12 20:15:00,229 - watchfiles.main - INFO - 1 change detected
2025-10-12 20:15:00,582 - watchfiles.main - INFO - 1 change detected
2025-10-12 20:15:00,933 - watchfiles.main - INFO - 1 change detected
2025-10-12 20:15:01,284 - watchfiles.main - INFO - 1 change detected
2025-10-12 20:15:01,635 - watchfiles.main - INFO - 1 change detected
2025-10-12 20:15:01,986 - watchfiles.main - INFO - 1 change detected
2025-10-12 20:15:02,337 - watchfiles.main - INFO - 1 change detected
2025-10-12 20:15:02,688 - watchfiles.main - INFO - 1 change detected
2025-10-12 20:15:03,038 - watchfiles.main - INFO - 1 change detected
2025-10-12 20:15:03,389 - watchfiles.main - INFO - 1 change detected
2025-10-12 20:15:03,740 - watchfiles.main - INFO - 1 change detected
2025-10-12 20:15:04,091 - watchfiles.main - INFO - 1 change detected
2025-10-12 20:15:04,442 - watchfiles.main - INFO - 1 change detected
2025-10-12 20:15:04,793 - watchfiles.main - INFO - 1 change detected
2025-10-12 20:15:05,146 - watchfiles.main - INFO - 1 change detected
2025-10-12 20:15:05,497 - watchfiles.main - INFO - 1 change detected
2025-10-12 20:15:05,848 - watchfiles.main - INFO - 1 change detected
2025-10-12 20:15:06,200 - watchfiles.main - INFO - 1 change detected
2025-10-12 20:15:06,551 - watchfiles.main - INFO - 1 change detected
2025-10-12 20:15:06,902 - watchfiles.main - INFO - 1 change detected
2025-10-12 20:15:07,253 - watchfiles.main - INFO - 1 change detected
2025-10-12 20:15:07,604 - watchfiles.main - INFO - 1 change detected
2025-10-12 20:15:07,955 - watchfiles.main - INFO - 1 change detected
2025-10-12 20:15:08,306 - watchfiles.main - INFO - 1 change detected
2025-10-12 20:15:08,657 - watchfiles.main - INFO - 1 change detected
2025-10-12 20:15:09,008 - watchfiles.main - INFO - 1 change detected
2025-10-12 20:15:09,359 - watchfiles.main - INFO - 1 change detected
2025-10-12 20:15:09,710 - watchfiles.main - INFO - 1 change detected
2025-10-12 20:15:10,060 - watchfiles.main - INFO - 1 change detected
2025-10-12 20:15:10,411 - watchfiles.main - INFO - 1 change detected
2025-10-12 20:15:10,763 - watchfiles.main - INFO - 1 change detected
2025-10-12 20:15:11,113 - watchfiles.main - INFO - 1 change detected
2025-10-12 20:15:11,464 - watchfiles.main - INFO - 1 change detected
2025-10-12 20:15:11,815 - watchfiles.main - INFO - 1 change detected
2025-10-12 20:15:12,166 - watchfiles.main - INFO - 1 change detected
2025-10-12 20:15:12,518 - watchfiles.main - INFO - 1 change detected
2025-10-12 20:15:12,869 - watchfiles.main - INFO - 1 change detected
2025-10-12 20:15:13,269 - watchfiles.main - INFO - 1 change detected
2025-10-12 20:15:13,620 - watchfiles.main - INFO - 1 change detected
2025-10-12 20:15:13,970 - watchfiles.main - INFO - 1 change detected
2025-10-12 20:15:14,321 - watchfiles.main - INFO - 1 change detected
2025-10-12 20:15:14,673 - watchfiles.main - INFO - 1 change detected
2025-10-12 20:15:15,024 - watchfiles.main - INFO - 1 change detected
2025-10-12 20:15:15,375 - watchfiles.main - INFO - 1 change detected
2025-10-12 20:15:15,726 - watchfiles.main - INFO - 1 change detected
2025-10-12 20:15:16,078 - watchfiles.main - INFO - 1 change detected
2025-10-12 20:15:16,431 - watchfiles.main - INFO - 1 change detected
2025-10-12 20:15:16,782 - watchfiles.main - INFO - 1 change detected
2025-10-12 20:15:17,134 - watchfiles.main - INFO - 1 change detected
2025-10-12 20:15:17,486 - watchfiles.main - INFO - 1 change detected
2025-10-12 20:15:17,837 - watchfiles.main - INFO - 1 change detected
2025-10-12 20:15:18,188 - watchfiles.main - INFO - 1 change detected
2025-10-12 20:15:18,539 - watchfiles.main - INFO - 1 change detected
2025-10-12 20:15:18,890 - watchfiles.main - INFO - 1 change detected
2025-10-12 20:15:19,241 - watchfiles.main - INFO - 1 change detected
2025-10-12 20:15:19,591 - watchfiles.main - INFO - 1 change detected
2025-10-12 20:15:19,942 - watchfiles.main - INFO - 1 change detected
2025-10-12 20:15:20,294 - watchfiles.main - INFO - 1 change detected
2025-10-12 20:15:20,646 - watchfiles.main - INFO - 1 change detected
2025-10-12 20:15:21,000 - watchfiles.main - INFO - 1 change detected
2025-10-12 20:15:21,353 - watchfiles.main - INFO - 1 change detected
2025-10-12 20:15:21,704 - watchfiles.main - INFO - 1 change detected
2025-10-12 20:15:22,056 - watchfiles.main - INFO - 1 change detected
2025-10-12 20:15:22,408 - watchfiles.main - INFO - 1 change detected
2025-10-12 20:15:22,762 - watchfiles.main - INFO - 1 change detected
2025-10-12 20:15:23,114 - watchfiles.main - INFO - 1 change detected
2025-10-12 20:15:23,465 - watchfiles.main - INFO - 1 change detected
2025-10-12 20:15:23,816 - watchfiles.main - INFO - 1 change detected
2025-10-12 20:15:24,168 - watchfiles.main - INFO - 1 change detected
2025-10-12 20:15:24,519 - watchfiles.main - INFO - 1 change detected
2025-10-12 20:15:24,871 - watchfiles.main - INFO - 1 change detected
2025-10-12 20:15:25,222 - watchfiles.main - INFO - 1 change detected
2025-10-12 20:15:25,573 - watchfiles.main - INFO - 1 change detected
2025-10-12 20:15:25,925 - watchfiles.main - INFO - 1 change detected
2025-10-12 20:15:26,276 - watchfiles.main - INFO - 1 change detected
2025-10-12 20:15:26,629 - watchfiles.main - INFO - 1 change detected
2025-10-12 20:15:26,981 - watchfiles.main - INFO - 1 change detected
2025-10-12 20:15:27,333 - watchfiles.main - INFO - 1 change detected
2025-10-12 20:15:27,684 - watchfiles.main - INFO - 1 change detected
2025-10-12 20:15:28,035 - watchfiles.main - INFO - 1 change detected
2025-10-12 20:15:28,386 - watchfiles.main - INFO - 1 change detected
2025-10-12 20:15:28,737 - watchfiles.main - INFO - 1 change detected
2025-10-12 20:15:29,089 - watchfiles.main - INFO - 1 change detected
2025-10-12 20:15:29,440 - watchfiles.main - INFO - 1 change detected
2025-10-12 20:15:29,791 - watchfiles.main - INFO - 1 change detected
2025-10-12 20:15:30,143 - watchfiles.main - INFO - 1 change detected
2025-10-12 20:15:30,495 - watchfiles.main - INFO - 1 change detected
2025-10-12 20:15:30,846 - watchfiles.main - INFO - 1 change detected
2025-10-12 20:15:31,197 - watchfiles.main - INFO - 1 change detected
2025-10-12 20:15:31,549 - watchfiles.main - INFO - 1 change detected
2025-10-12 20:15:31,899 - watchfiles.main - INFO - 1 change detected
2025-10-12 20:15:32,250 - watchfiles.main - INFO - 1 change detected
2025-10-12 20:15:32,601 - watchfiles.main - INFO - 1 change detected
2025-10-12 20:15:32,953 - watchfiles.main - INFO - 1 change detected
2025-10-12 20:15:33,304 - watchfiles.main - INFO - 1 change detected
2025-10-12 20:15:33,655 - watchfiles.main - INFO - 1 change detected
2025-10-12 20:15:34,006 - watchfiles.main - INFO - 1 change detected
2025-10-12 20:15:34,357 - watchfiles.main - INFO - 1 change detected
2025-10-12 20:15:34,708 - watchfiles.main - INFO - 1 change detected
2025-10-12 20:15:35,058 - watchfiles.main - INFO - 1 change detected
2025-10-12 20:15:35,409 - watchfiles.main - INFO - 1 change detected
2025-10-12 20:15:35,760 - watchfiles.main - INFO - 1 change detected
2025-10-12 20:15:36,111 - watchfiles.main - INFO - 1 change detected
2025-10-12 20:15:36,462 - watchfiles.main - INFO - 1 change detected
2025-10-12 20:15:36,813 - watchfiles.main - INFO - 1 change detected
2025-10-12 20:15:37,164 - watchfiles.main - INFO - 1 change detected
2025-10-12 20:15:37,516 - watchfiles.main - INFO - 1 change detected
2025-10-12 20:15:37,867 - watchfiles.main - INFO - 1 change detected
2025-10-12 20:15:38,219 - watchfiles.main - INFO - 1 change detected
2025-10-12 20:15:38,572 - watchfiles.main - INFO - 1 change detected
2025-10-12 20:15:38,923 - watchfiles.main - INFO - 1 change detected
2025-10-12 20:15:39,274 - watchfiles.main - INFO - 1 change detected
2025-10-12 20:15:39,625 - watchfiles.main - INFO - 1 change detected
2025-10-12 20:15:39,976 - watchfiles.main - INFO - 1 change detected
2025-10-12 20:15:40,327 - watchfiles.main - INFO - 1 change detected
2025-10-12 20:15:40,679 - watchfiles.main - INFO - 1 change detected
2025-10-12 20:15:41,030 - watchfiles.main - INFO - 1 change detected
2025-10-12 20:15:41,381 - watchfiles.main - INFO - 1 change detected
2025-10-12 20:15:41,734 - watchfiles.main - INFO - 1 change detected
2025-10-12 20:15:42,086 - watchfiles.main - INFO - 1 change detected
2025-10-12 20:15:42,437 - watchfiles.main - INFO - 1 change detected
2025-10-12 20:15:42,788 - watchfiles.main - INFO - 1 change detected
2025-10-12 20:15:43,139 - watchfiles.main - INFO - 1 change detected
2025-10-12 20:15:43,492 - watchfiles.main - INFO - 1 change detected
2025-10-12 20:15:43,842 - watchfiles.main - INFO - 1 change detected
2025-10-12 20:15:44,193 - watchfiles.main - INFO - 1 change detected
2025-10-12 20:15:44,544 - watchfiles.main - INFO - 1 change detected
2025-10-12 20:15:44,895 - watchfiles.main - INFO - 1 change detected
2025-10-12 20:15:45,246 - watchfiles.main - INFO - 1 change detected
2025-10-12 20:15:45,597 - watchfiles.main - INFO - 1 change detected
2025-10-12 20:15:45,948 - watchfiles.main - INFO - 1 change detected
2025-10-12 20:15:46,298 - watchfiles.main - INFO - 1 change detected
2025-10-12 20:15:46,649 - watchfiles.main - INFO - 1 change detected
2025-10-12 20:15:47,000 - watchfiles.main - INFO - 1 change detected
2025-10-12 20:15:47,351 - watchfiles.main - INFO - 1 change detected
2025-10-12 20:15:47,701 - watchfiles.main - INFO - 1 change detected
2025-10-12 20:15:48,052 - watchfiles.main - INFO - 1 change detected
2025-10-12 20:15:48,403 - watchfiles.main - INFO - 1 change detected
2025-10-12 20:15:48,755 - watchfiles.main - INFO - 1 change detected
2025-10-12 20:15:49,107 - watchfiles.main - INFO - 1 change detected
2025-10-12 20:15:49,459 - watchfiles.main - INFO - 1 change detected
2025-10-12 20:15:49,812 - watchfiles.main - INFO - 1 change detected
2025-10-12 20:15:50,163 - watchfiles.main - INFO - 1 change detected
2025-10-12 20:15:50,516 - watchfiles.main - INFO - 1 change detected
2025-10-12 20:15:50,868 - watchfiles.main - INFO - 1 change detected
2025-10-12 20:15:51,221 - watchfiles.main - INFO - 1 change detected
2025-10-12 20:15:51,573 - watchfiles.main - INFO - 1 change detected
2025-10-12 20:15:51,924 - watchfiles.main - INFO - 1 change detected
2025-10-12 20:15:52,276 - watchfiles.main - INFO - 1 change detected
2025-10-12 20:15:52,627 - watchfiles.main - INFO - 1 change detected
2025-10-12 20:15:52,979 - watchfiles.main - INFO - 1 change detected
2025-10-12 20:15:53,331 - watchfiles.main - INFO - 1 change detected
2025-10-12 20:15:53,682 - watchfiles.main - INFO - 1 change detected
2025-10-12 20:15:54,034 - watchfiles.main - INFO - 1 change detected
2025-10-12 20:15:54,385 - watchfiles.main - INFO - 1 change detected
2025-10-12 20:15:54,737 - watchfiles.main - INFO - 1 change detected
2025-10-12 20:15:55,089 - watchfiles.main - INFO - 1 change detected
2025-10-12 20:15:55,441 - watchfiles.main - INFO - 1 change detected
2025-10-12 20:15:55,792 - watchfiles.main - INFO - 1 change detected
2025-10-12 20:15:56,143 - watchfiles.main - INFO - 1 change detected
2025-10-12 20:15:56,493 - watchfiles.main - INFO - 1 change detected
2025-10-12 20:15:56,844 - watchfiles.main - INFO - 1 change detected
2025-10-12 20:15:57,196 - watchfiles.main - INFO - 1 change detected
2025-10-12 20:15:57,547 - watchfiles.main - INFO - 1 change detected
2025-10-12 20:15:57,898 - watchfiles.main - INFO - 1 change detected
2025-10-12 20:15:58,249 - watchfiles.main - INFO - 1 change detected
2025-10-12 20:15:58,600 - watchfiles.main - INFO - 1 change detected
2025-10-12 20:15:58,951 - watchfiles.main - INFO - 1 change detected
2025-10-12 20:15:59,302 - watchfiles.main - INFO - 1 change detected
2025-10-12 20:15:59,653 - watchfiles.main - INFO - 1 change detected
2025-10-12 20:16:00,004 - watchfiles.main - INFO - 1 change detected
2025-10-12 20:16:00,356 - watchfiles.main - INFO - 1 change detected
2025-10-12 20:16:00,707 - watchfiles.main - INFO - 1 change detected
2025-10-12 20:16:01,058 - watchfiles.main - INFO - 1 change detected
2025-10-12 20:16:01,408 - watchfiles.main - INFO - 1 change detected
2025-10-12 20:16:01,759 - watchfiles.main - INFO - 1 change detected
2025-10-12 20:16:02,110 - watchfiles.main - INFO - 1 change detected
2025-10-12 20:16:02,461 - watchfiles.main - INFO - 1 change detected
2025-10-12 20:16:02,812 - watchfiles.main - INFO - 1 change detected
2025-10-12 20:16:03,163 - watchfiles.main - INFO - 1 change detected
2025-10-12 20:16:03,515 - watchfiles.main - INFO - 1 change detected
2025-10-12 20:16:03,866 - watchfiles.main - INFO - 1 change detected
2025-10-12 20:16:04,218 - watchfiles.main - INFO - 1 change detected
2025-10-12 20:16:04,569 - watchfiles.main - INFO - 1 change detected
2025-10-12 20:16:04,920 - watchfiles.main - INFO - 1 change detected
2025-10-12 20:16:05,271 - watchfiles.main - INFO - 1 change detected
2025-10-12 20:16:05,622 - watchfiles.main - INFO - 1 change detected
2025-10-12 20:16:05,973 - watchfiles.main - INFO - 1 change detected
2025-10-12 20:16:06,324 - watchfiles.main - INFO - 1 change detected
2025-10-12 20:16:06,675 - watchfiles.main - INFO - 1 change detected
2025-10-12 20:16:07,026 - watchfiles.main - INFO - 1 change detected
2025-10-12 20:16:07,377 - watchfiles.main - INFO - 1 change detected
2025-10-12 20:16:07,730 - watchfiles.main - INFO - 1 change detected
2025-10-12 20:16:08,081 - watchfiles.main - INFO - 1 change detected
2025-10-12 20:16:08,432 - watchfiles.main - INFO - 1 change detected
2025-10-12 20:16:08,785 - watchfiles.main - INFO - 1 change detected
2025-10-12 20:16:09,135 - watchfiles.main - INFO - 1 change detected
2025-10-12 20:16:09,487 - watchfiles.main - INFO - 1 change detected
2025-10-12 20:16:09,838 - watchfiles.main - INFO - 1 change detected
2025-10-12 20:16:10,189 - watchfiles.main - INFO - 1 change detected
2025-10-12 20:16:10,540 - watchfiles.main - INFO - 1 change detected
2025-10-12 20:16:10,891 - watchfiles.main - INFO - 1 change detected
2025-10-12 20:16:11,242 - watchfiles.main - INFO - 1 change detected
2025-10-12 20:16:11,595 - watchfiles.main - INFO - 1 change detected
2025-10-12 20:16:11,946 - watchfiles.main - INFO - 1 change detected
2025-10-12 20:16:12,297 - watchfiles.main - INFO - 1 change detected
2025-10-12 20:16:12,648 - watchfiles.main - INFO - 1 change detected
2025-10-12 20:16:12,999 - watchfiles.main - INFO - 1 change detected
2025-10-12 20:16:13,350 - watchfiles.main - INFO - 1 change detected
2025-10-12 20:16:13,701 - watchfiles.main - INFO - 1 change detected
2025-10-12 20:16:14,051 - watchfiles.main - INFO - 1 change detected
2025-10-12 20:16:14,402 - watchfiles.main - INFO - 1 change detected
2025-10-12 20:16:14,754 - watchfiles.main - INFO - 1 change detected
2025-10-12 20:16:15,104 - watchfiles.main - INFO - 1 change detected
2025-10-12 20:16:15,455 - watchfiles.main - INFO - 1 change detected
2025-10-12 20:16:15,806 - watchfiles.main - INFO - 1 change detected
2025-10-12 20:16:16,157 - watchfiles.main - INFO - 1 change detected
2025-10-12 20:16:16,508 - watchfiles.main - INFO - 1 change detected
2025-10-12 20:16:16,859 - watchfiles.main - INFO - 1 change detected
2025-10-12 20:16:17,210 - watchfiles.main - INFO - 1 change detected
2025-10-12 20:16:17,561 - watchfiles.main - INFO - 1 change detected
2025-10-12 20:16:17,912 - watchfiles.main - INFO - 1 change detected
2025-10-12 20:16:18,263 - watchfiles.main - INFO - 1 change detected
2025-10-12 20:16:18,616 - watchfiles.main - INFO - 1 change detected
2025-10-12 20:16:18,967 - watchfiles.main - INFO - 1 change detected
2025-10-12 20:16:19,319 - watchfiles.main - INFO - 1 change detected
2025-10-12 20:16:19,670 - watchfiles.main - INFO - 1 change detected
2025-10-12 20:16:20,021 - watchfiles.main - INFO - 1 change detected
2025-10-12 20:16:20,372 - watchfiles.main - INFO - 1 change detected
2025-10-12 20:16:20,723 - watchfiles.main - INFO - 1 change detected
2025-10-12 20:16:21,075 - watchfiles.main - INFO - 1 change detected
2025-10-12 20:16:21,427 - watchfiles.main - INFO - 1 change detected
2025-10-12 20:16:21,778 - watchfiles.main - INFO - 1 change detected
2025-10-12 20:16:22,129 - watchfiles.main - INFO - 1 change detected
2025-10-12 20:16:22,481 - watchfiles.main - INFO - 1 change detected
2025-10-12 20:16:22,832 - watchfiles.main - INFO - 1 change detected
2025-10-12 20:16:23,184 - watchfiles.main - INFO - 1 change detected
2025-10-12 20:16:23,535 - watchfiles.main - INFO - 1 change detected
2025-10-12 20:16:23,888 - watchfiles.main - INFO - 1 change detected
2025-10-12 20:16:24,239 - watchfiles.main - INFO - 1 change detected
2025-10-12 20:16:24,591 - watchfiles.main - INFO - 1 change detected
2025-10-12 20:16:24,943 - watchfiles.main - INFO - 1 change detected
2025-10-12 20:16:25,295 - watchfiles.main - INFO - 1 change detected
2025-10-12 20:16:25,647 - watchfiles.main - INFO - 1 change detected
2025-10-12 20:16:25,998 - watchfiles.main - INFO - 1 change detected
2025-10-12 20:16:26,350 - watchfiles.main - INFO - 1 change detected
2025-10-12 20:16:26,701 - watchfiles.main - INFO - 1 change detected
2025-10-12 20:16:27,052 - watchfiles.main - INFO - 1 change detected
2025-10-12 20:16:27,404 - watchfiles.main - INFO - 1 change detected
2025-10-12 20:16:27,756 - watchfiles.main - INFO - 1 change detected
2025-10-12 20:16:28,107 - watchfiles.main - INFO - 1 change detected
2025-10-12 20:16:28,458 - watchfiles.main - INFO - 1 change detected
2025-10-12 20:16:28,809 - watchfiles.main - INFO - 1 change detected
2025-10-12 20:16:29,161 - watchfiles.main - INFO - 1 change detected
2025-10-12 20:16:29,512 - watchfiles.main - INFO - 1 change detected
2025-10-12 20:16:29,864 - watchfiles.main - INFO - 1 change detected
2025-10-12 20:16:30,215 - watchfiles.main - INFO - 1 change detected
2025-10-12 20:16:30,568 - watchfiles.main - INFO - 1 change detected
2025-10-12 20:16:30,920 - watchfiles.main - INFO - 1 change detected
2025-10-12 20:16:31,271 - watchfiles.main - INFO - 1 change detected
2025-10-12 20:16:31,623 - watchfiles.main - INFO - 1 change detected
2025-10-12 20:16:31,975 - watchfiles.main - INFO - 1 change detected
2025-10-12 20:16:32,326 - watchfiles.main - INFO - 1 change detected
2025-10-12 20:16:32,678 - watchfiles.main - INFO - 1 change detected
2025-10-12 20:16:33,029 - watchfiles.main - INFO - 1 change detected
2025-10-12 20:16:33,380 - watchfiles.main - INFO - 1 change detected
2025-10-12 20:16:33,732 - watchfiles.main - INFO - 1 change detected
2025-10-12 20:16:34,084 - watchfiles.main - INFO - 1 change detected
2025-10-12 20:16:34,436 - watchfiles.main - INFO - 1 change detected
2025-10-12 20:16:34,787 - watchfiles.main - INFO - 1 change detected
2025-10-12 20:16:35,138 - watchfiles.main - INFO - 1 change detected
2025-10-12 20:16:35,489 - watchfiles.main - INFO - 1 change detected
2025-10-12 20:16:35,840 - watchfiles.main - INFO - 1 change detected
2025-10-12 20:16:36,191 - watchfiles.main - INFO - 1 change detected
2025-10-12 20:16:36,542 - watchfiles.main - INFO - 1 change detected
2025-10-12 20:16:36,893 - watchfiles.main - INFO - 1 change detected
2025-10-12 20:16:37,244 - watchfiles.main - INFO - 1 change detected
2025-10-12 20:16:37,595 - watchfiles.main - INFO - 1 change detected
2025-10-12 20:16:37,945 - watchfiles.main - INFO - 1 change detected
2025-10-12 20:16:38,296 - watchfiles.main - INFO - 1 change detected
2025-10-12 20:16:38,647 - watchfiles.main - INFO - 1 change detected
2025-10-12 20:16:38,998 - watchfiles.main - INFO - 1 change detected
2025-10-12 20:16:39,350 - watchfiles.main - INFO - 1 change detected
2025-10-12 20:16:39,700 - watchfiles.main - INFO - 1 change detected
2025-10-12 20:16:40,052 - watchfiles.main - INFO - 1 change detected
2025-10-12 20:16:40,403 - watchfiles.main - INFO - 1 change detected
2025-10-12 20:16:40,754 - watchfiles.main - INFO - 1 change detected
2025-10-12 20:16:41,104 - watchfiles.main - INFO - 1 change detected
2025-10-12 20:16:41,455 - watchfiles.main - INFO - 1 change detected
2025-10-12 20:16:41,808 - watchfiles.main - INFO - 1 change detected
2025-10-12 20:16:42,159 - watchfiles.main - INFO - 1 change detected
2025-10-12 20:16:42,510 - watchfiles.main - INFO - 1 change detected
2025-10-12 20:16:42,860 - watchfiles.main - INFO - 1 change detected
2025-10-12 20:16:43,211 - watchfiles.main - INFO - 1 change detected
2025-10-12 20:16:43,562 - watchfiles.main - INFO - 1 change detected
2025-10-12 20:16:43,913 - watchfiles.main - INFO - 1 change detected
2025-10-12 20:16:44,263 - watchfiles.main - INFO - 1 change detected
2025-10-12 20:16:44,615 - watchfiles.main - INFO - 1 change detected
2025-10-12 20:16:44,965 - watchfiles.main - INFO - 1 change detected
2025-10-12 20:16:45,316 - watchfiles.main - INFO - 1 change detected
2025-10-12 20:16:45,667 - watchfiles.main - INFO - 1 change detected
2025-10-12 20:16:46,018 - watchfiles.main - INFO - 1 change detected
2025-10-12 20:16:46,369 - watchfiles.main - INFO - 1 change detected
2025-10-12 20:16:46,720 - watchfiles.main - INFO - 1 change detected
2025-10-12 20:16:47,071 - watchfiles.main - INFO - 1 change detected
2025-10-12 20:16:47,424 - watchfiles.main - INFO - 1 change detected
2025-10-12 20:16:47,775 - watchfiles.main - INFO - 1 change detected
2025-10-12 20:16:48,126 - watchfiles.main - INFO - 1 change detected
2025-10-12 20:16:48,478 - watchfiles.main - INFO - 1 change detected
2025-10-12 20:16:48,829 - watchfiles.main - INFO - 1 change detected
2025-10-12 20:16:49,180 - watchfiles.main - INFO - 1 change detected
2025-10-12 20:16:49,531 - watchfiles.main - INFO - 1 change detected
2025-10-12 20:16:49,883 - watchfiles.main - INFO - 1 change detected
2025-10-12 20:16:50,234 - watchfiles.main - INFO - 1 change detected
2025-10-12 20:16:50,585 - watchfiles.main - INFO - 1 change detected
2025-10-12 20:16:50,936 - watchfiles.main - INFO - 1 change detected
2025-10-12 20:16:51,287 - watchfiles.main - INFO - 1 change detected
2025-10-12 20:16:51,637 - watchfiles.main - INFO - 1 change detected
2025-10-12 20:16:51,988 - watchfiles.main - INFO - 1 change detected
2025-10-12 20:16:52,340 - watchfiles.main - INFO - 1 change detected
2025-10-12 20:16:52,692 - watchfiles.main - INFO - 1 change detected
2025-10-12 20:16:53,043 - watchfiles.main - INFO - 1 change detected
2025-10-12 20:16:53,395 - watchfiles.main - INFO - 1 change detected
2025-10-12 20:16:53,747 - watchfiles.main - INFO - 1 change detected
2025-10-12 20:16:54,098 - watchfiles.main - INFO - 1 change detected
2025-10-12 20:16:54,450 - watchfiles.main - INFO - 1 change detected
2025-10-12 20:16:54,802 - watchfiles.main - INFO - 1 change detected
2025-10-12 20:16:55,153 - watchfiles.main - INFO - 1 change detected
2025-10-12 20:16:55,504 - watchfiles.main - INFO - 1 change detected
2025-10-12 20:16:55,856 - watchfiles.main - INFO - 1 change detected
2025-10-12 20:16:56,208 - watchfiles.main - INFO - 1 change detected
2025-10-12 20:16:56,559 - watchfiles.main - INFO - 1 change detected
2025-10-12 20:16:56,910 - watchfiles.main - INFO - 1 change detected
2025-10-12 20:16:57,262 - watchfiles.main - INFO - 1 change detected
2025-10-12 20:16:57,613 - watchfiles.main - INFO - 1 change detected
2025-10-12 20:16:57,964 - watchfiles.main - INFO - 1 change detected
2025-10-12 20:16:58,316 - watchfiles.main - INFO - 1 change detected
2025-10-12 20:16:58,667 - watchfiles.main - INFO - 1 change detected
2025-10-12 20:16:59,019 - watchfiles.main - INFO - 1 change detected
2025-10-12 20:16:59,370 - watchfiles.main - INFO - 1 change detected
2025-10-12 20:16:59,722 - watchfiles.main - INFO - 1 change detected
2025-10-12 20:17:00,074 - watchfiles.main - INFO - 1 change detected
2025-10-12 20:17:00,425 - watchfiles.main - INFO - 1 change detected
2025-10-12 20:17:00,776 - watchfiles.main - INFO - 1 change detected
2025-10-12 20:17:01,127 - watchfiles.main - INFO - 1 change detected
2025-10-12 20:17:01,478 - watchfiles.main - INFO - 1 change detected
2025-10-12 20:17:01,829 - watchfiles.main - INFO - 1 change detected
2025-10-12 20:17:02,180 - watchfiles.main - INFO - 1 change detected
2025-10-12 20:17:02,531 - watchfiles.main - INFO - 1 change detected
2025-10-12 20:17:02,882 - watchfiles.main - INFO - 1 change detected
2025-10-12 20:17:03,235 - watchfiles.main - INFO - 1 change detected
2025-10-12 20:17:03,587 - watchfiles.main - INFO - 1 change detected
2025-10-12 20:17:03,938 - watchfiles.main - INFO - 1 change detected
2025-10-12 20:17:04,290 - watchfiles.main - INFO - 1 change detected
2025-10-12 20:17:04,642 - watchfiles.main - INFO - 1 change detected
2025-10-12 20:17:04,994 - watchfiles.main - INFO - 1 change detected
2025-10-12 20:17:05,345 - watchfiles.main - INFO - 1 change detected
2025-10-12 20:17:05,697 - watchfiles.main - INFO - 1 change detected
2025-10-12 20:17:06,049 - watchfiles.main - INFO - 1 change detected
2025-10-12 20:17:06,402 - watchfiles.main - INFO - 1 change detected
2025-10-12 20:17:06,754 - watchfiles.main - INFO - 1 change detected
2025-10-12 20:17:07,105 - watchfiles.main - INFO - 1 change detected
2025-10-12 20:17:07,456 - watchfiles.main - INFO - 1 change detected
2025-10-12 20:17:07,807 - watchfiles.main - INFO - 1 change detected
2025-10-12 20:17:08,159 - watchfiles.main - INFO - 1 change detected
2025-10-12 20:17:08,510 - watchfiles.main - INFO - 1 change detected
2025-10-12 20:17:08,861 - watchfiles.main - INFO - 1 change detected
2025-10-12 20:17:09,213 - watchfiles.main - INFO - 1 change detected
2025-10-12 20:17:09,565 - watchfiles.main - INFO - 1 change detected
2025-10-12 20:17:09,917 - watchfiles.main - INFO - 1 change detected
2025-10-12 20:17:10,269 - watchfiles.main - INFO - 1 change detected
2025-10-12 20:17:10,621 - watchfiles.main - INFO - 1 change detected
2025-10-12 20:17:10,972 - watchfiles.main - INFO - 1 change detected
2025-10-12 20:17:11,324 - watchfiles.main - INFO - 1 change detected
2025-10-12 20:17:11,676 - watchfiles.main - INFO - 1 change detected
2025-10-12 20:17:12,028 - watchfiles.main - INFO - 1 change detected
2025-10-12 20:17:12,379 - watchfiles.main - INFO - 1 change detected
2025-10-12 20:17:12,730 - watchfiles.main - INFO - 1 change detected
2025-10-12 20:17:13,081 - watchfiles.main - INFO - 1 change detected
2025-10-12 20:17:13,432 - watchfiles.main - INFO - 1 change detected
2025-10-12 20:17:13,784 - watchfiles.main - INFO - 1 change detected
2025-10-12 20:17:14,135 - watchfiles.main - INFO - 1 change detected
2025-10-12 20:17:14,487 - watchfiles.main - INFO - 1 change detected
2025-10-12 20:17:14,838 - watchfiles.main - INFO - 1 change detected
2025-10-12 20:17:15,191 - watchfiles.main - INFO - 1 change detected
2025-10-12 20:17:15,542 - watchfiles.main - INFO - 1 change detected
2025-10-12 20:17:15,893 - watchfiles.main - INFO - 1 change detected
2025-10-12 20:17:16,244 - watchfiles.main - INFO - 1 change detected
2025-10-12 20:17:16,596 - watchfiles.main - INFO - 1 change detected
2025-10-12 20:17:16,947 - watchfiles.main - INFO - 1 change detected
2025-10-12 20:17:17,298 - watchfiles.main - INFO - 1 change detected
2025-10-12 20:17:17,649 - watchfiles.main - INFO - 1 change detected
2025-10-12 20:17:18,001 - watchfiles.main - INFO - 1 change detected
2025-10-12 20:17:18,352 - watchfiles.main - INFO - 1 change detected
2025-10-12 20:17:18,703 - watchfiles.main - INFO - 1 change detected
2025-10-12 20:17:19,053 - watchfiles.main - INFO - 1 change detected
2025-10-12 20:17:19,404 - watchfiles.main - INFO - 1 change detected
2025-10-12 20:17:19,755 - watchfiles.main - INFO - 1 change detected
2025-10-12 20:17:20,107 - watchfiles.main - INFO - 1 change detected
2025-10-12 20:17:20,459 - watchfiles.main - INFO - 1 change detected
2025-10-12 20:17:20,810 - watchfiles.main - INFO - 1 change detected
2025-10-12 20:17:21,161 - watchfiles.main - INFO - 1 change detected
2025-10-12 20:17:21,512 - watchfiles.main - INFO - 1 change detected
2025-10-12 20:17:21,863 - watchfiles.main - INFO - 1 change detected
2025-10-12 20:17:22,214 - watchfiles.main - INFO - 1 change detected
2025-10-12 20:17:22,565 - watchfiles.main - INFO - 1 change detected
2025-10-12 20:17:22,917 - watchfiles.main - INFO - 1 change detected
2025-10-12 20:17:23,268 - watchfiles.main - INFO - 1 change detected
2025-10-12 20:17:23,619 - watchfiles.main - INFO - 1 change detected
2025-10-12 20:17:23,969 - watchfiles.main - INFO - 1 change detected
2025-10-12 20:17:24,320 - watchfiles.main - INFO - 1 change detected
2025-10-12 20:17:24,671 - watchfiles.main - INFO - 1 change detected
2025-10-12 20:17:25,022 - watchfiles.main - INFO - 1 change detected
2025-10-12 20:17:25,373 - watchfiles.main - INFO - 1 change detected
2025-10-12 20:17:25,724 - watchfiles.main - INFO - 1 change detected
2025-10-12 20:17:26,075 - watchfiles.main - INFO - 1 change detected
2025-10-12 20:17:26,427 - watchfiles.main - INFO - 1 change detected
2025-10-12 20:17:26,779 - watchfiles.main - INFO - 1 change detected
2025-10-12 20:17:27,131 - watchfiles.main - INFO - 1 change detected
2025-10-12 20:17:27,483 - watchfiles.main - INFO - 1 change detected
2025-10-12 20:17:27,835 - watchfiles.main - INFO - 1 change detected
2025-10-12 20:17:28,187 - watchfiles.main - INFO - 1 change detected
2025-10-12 20:17:28,537 - watchfiles.main - INFO - 1 change detected
2025-10-12 20:17:28,889 - watchfiles.main - INFO - 1 change detected
2025-10-12 20:17:29,241 - watchfiles.main - INFO - 1 change detected
2025-10-12 20:17:29,592 - watchfiles.main - INFO - 1 change detected
2025-10-12 20:17:29,943 - watchfiles.main - INFO - 1 change detected
2025-10-12 20:17:30,294 - watchfiles.main - INFO - 1 change detected
2025-10-12 20:17:30,645 - watchfiles.main - INFO - 1 change detected
2025-10-12 20:17:30,997 - watchfiles.main - INFO - 1 change detected
2025-10-12 20:17:31,348 - watchfiles.main - INFO - 1 change detected
2025-10-12 20:17:31,699 - watchfiles.main - INFO - 1 change detected
2025-10-12 20:17:32,050 - watchfiles.main - INFO - 1 change detected
2025-10-12 20:17:32,401 - watchfiles.main - INFO - 1 change detected
2025-10-12 20:17:32,753 - watchfiles.main - INFO - 1 change detected
2025-10-12 20:17:33,104 - watchfiles.main - INFO - 1 change detected
2025-10-12 20:17:33,455 - watchfiles.main - INFO - 1 change detected
2025-10-12 20:17:33,806 - watchfiles.main - INFO - 1 change detected
2025-10-12 20:17:34,158 - watchfiles.main - INFO - 1 change detected
2025-10-12 20:17:34,511 - watchfiles.main - INFO - 1 change detected
2025-10-12 20:17:34,862 - watchfiles.main - INFO - 1 change detected
2025-10-12 20:17:35,213 - watchfiles.main - INFO - 1 change detected
2025-10-12 20:17:35,565 - watchfiles.main - INFO - 1 change detected
2025-10-12 20:17:35,916 - watchfiles.main - INFO - 1 change detected
2025-10-12 20:17:36,268 - watchfiles.main - INFO - 1 change detected
2025-10-12 20:17:36,619 - watchfiles.main - INFO - 1 change detected
2025-10-12 20:17:36,969 - watchfiles.main - INFO - 1 change detected
2025-10-12 20:17:37,320 - watchfiles.main - INFO - 1 change detected
2025-10-12 20:17:37,671 - watchfiles.main - INFO - 1 change detected
2025-10-12 20:17:38,022 - watchfiles.main - INFO - 1 change detected
2025-10-12 20:17:38,373 - watchfiles.main - INFO - 1 change detected
2025-10-12 20:17:38,724 - watchfiles.main - INFO - 1 change detected
2025-10-12 20:17:39,076 - watchfiles.main - INFO - 1 change detected
2025-10-12 20:17:39,428 - watchfiles.main - INFO - 1 change detected
2025-10-12 20:17:39,779 - watchfiles.main - INFO - 1 change detected
2025-10-12 20:17:40,131 - watchfiles.main - INFO - 1 change detected
2025-10-12 20:17:40,482 - watchfiles.main - INFO - 1 change detected
2025-10-12 20:17:40,834 - watchfiles.main - INFO - 1 change detected
2025-10-12 20:17:41,185 - watchfiles.main - INFO - 1 change detected
2025-10-12 20:17:41,536 - watchfiles.main - INFO - 1 change detected
2025-10-12 20:17:41,887 - watchfiles.main - INFO - 1 change detected
2025-10-12 20:17:42,238 - watchfiles.main - INFO - 1 change detected
2025-10-12 20:17:42,590 - watchfiles.main - INFO - 1 change detected
2025-10-12 20:17:42,941 - watchfiles.main - INFO - 1 change detected
2025-10-12 20:17:43,293 - watchfiles.main - INFO - 1 change detected
2025-10-12 20:17:43,644 - watchfiles.main - INFO - 1 change detected
2025-10-12 20:17:43,996 - watchfiles.main - INFO - 1 change detected
2025-10-12 20:17:44,348 - watchfiles.main - INFO - 1 change detected
2025-10-12 20:17:44,699 - watchfiles.main - INFO - 1 change detected
2025-10-12 20:17:45,051 - watchfiles.main - INFO - 1 change detected
2025-10-12 20:17:45,402 - watchfiles.main - INFO - 1 change detected
2025-10-12 20:17:45,754 - watchfiles.main - INFO - 1 change detected
2025-10-12 20:17:46,106 - watchfiles.main - INFO - 1 change detected
2025-10-12 20:17:46,457 - watchfiles.main - INFO - 1 change detected
2025-10-12 20:17:46,809 - watchfiles.main - INFO - 1 change detected
2025-10-12 20:17:47,160 - watchfiles.main - INFO - 1 change detected
2025-10-12 20:17:47,512 - watchfiles.main - INFO - 1 change detected
2025-10-12 20:17:47,864 - watchfiles.main - INFO - 1 change detected
2025-10-12 20:17:48,216 - watchfiles.main - INFO - 1 change detected
2025-10-12 20:17:48,568 - watchfiles.main - INFO - 1 change detected
2025-10-12 20:17:48,923 - watchfiles.main - INFO - 1 change detected
2025-10-12 20:17:49,274 - watchfiles.main - INFO - 1 change detected
2025-10-12 20:17:49,625 - watchfiles.main - INFO - 1 change detected
2025-10-12 20:17:49,976 - watchfiles.main - INFO - 1 change detected
2025-10-12 20:17:50,335 - watchfiles.main - INFO - 1 change detected
2025-10-12 20:17:50,686 - watchfiles.main - INFO - 1 change detected
2025-10-12 20:17:51,037 - watchfiles.main - INFO - 1 change detected
2025-10-12 20:17:51,388 - watchfiles.main - INFO - 1 change detected
2025-10-12 20:17:51,739 - watchfiles.main - INFO - 1 change detected
2025-10-12 20:17:52,091 - watchfiles.main - INFO - 1 change detected
2025-10-12 20:17:52,443 - watchfiles.main - INFO - 1 change detected
2025-10-12 20:17:52,794 - watchfiles.main - INFO - 1 change detected
2025-10-12 20:17:53,146 - watchfiles.main - INFO - 1 change detected
2025-10-12 20:17:53,498 - watchfiles.main - INFO - 1 change detected
2025-10-12 20:17:53,850 - watchfiles.main - INFO - 1 change detected
2025-10-12 20:17:54,203 - watchfiles.main - INFO - 1 change detected
2025-10-12 20:17:54,555 - watchfiles.main - INFO - 1 change detected
2025-10-12 20:17:54,907 - watchfiles.main - INFO - 1 change detected
2025-10-12 20:17:55,259 - watchfiles.main - INFO - 1 change detected
2025-10-12 20:17:55,610 - watchfiles.main - INFO - 1 change detected
2025-10-12 20:17:55,962 - watchfiles.main - INFO - 1 change detected
2025-10-12 20:17:56,314 - watchfiles.main - INFO - 1 change detected
2025-10-12 20:17:56,666 - watchfiles.main - INFO - 1 change detected
2025-10-12 20:17:57,017 - watchfiles.main - INFO - 1 change detected
2025-10-12 20:17:57,369 - watchfiles.main - INFO - 1 change detected
2025-10-12 20:17:57,721 - watchfiles.main - INFO - 1 change detected
2025-10-12 20:17:58,072 - watchfiles.main - INFO - 1 change detected
2025-10-12 20:17:58,424 - watchfiles.main - INFO - 1 change detected
2025-10-12 20:17:58,775 - watchfiles.main - INFO - 1 change detected
2025-10-12 20:17:59,126 - watchfiles.main - INFO - 1 change detected
2025-10-12 20:17:59,477 - watchfiles.main - INFO - 1 change detected
2025-10-12 20:17:59,828 - watchfiles.main - INFO - 1 change detected
2025-10-12 20:18:00,179 - watchfiles.main - INFO - 1 change detected
2025-10-12 20:18:00,531 - watchfiles.main - INFO - 1 change detected
2025-10-12 20:18:00,882 - watchfiles.main - INFO - 1 change detected
2025-10-12 20:18:01,234 - watchfiles.main - INFO - 1 change detected
2025-10-12 20:18:01,586 - watchfiles.main - INFO - 1 change detected
2025-10-12 20:18:01,938 - watchfiles.main - INFO - 1 change detected
2025-10-12 20:18:02,290 - watchfiles.main - INFO - 1 change detected
2025-10-12 20:18:02,642 - watchfiles.main - INFO - 1 change detected
2025-10-12 20:18:02,993 - watchfiles.main - INFO - 1 change detected
2025-10-12 20:18:03,345 - watchfiles.main - INFO - 1 change detected
2025-10-12 20:18:03,696 - watchfiles.main - INFO - 1 change detected
2025-10-12 20:18:04,047 - watchfiles.main - INFO - 1 change detected
2025-10-12 20:18:04,399 - watchfiles.main - INFO - 1 change detected
2025-10-12 20:18:04,751 - watchfiles.main - INFO - 1 change detected
2025-10-12 20:18:05,102 - watchfiles.main - INFO - 1 change detected
2025-10-12 20:18:05,453 - watchfiles.main - INFO - 1 change detected
2025-10-12 20:18:05,804 - watchfiles.main - INFO - 1 change detected
2025-10-12 20:18:06,156 - watchfiles.main - INFO - 1 change detected
2025-10-12 20:18:06,508 - watchfiles.main - INFO - 1 change detected
2025-10-12 20:18:06,859 - watchfiles.main - INFO - 1 change detected
2025-10-12 20:18:07,210 - watchfiles.main - INFO - 1 change detected
2025-10-12 20:18:07,561 - watchfiles.main - INFO - 1 change detected
2025-10-12 20:18:07,912 - watchfiles.main - INFO - 1 change detected
2025-10-12 20:18:08,262 - watchfiles.main - INFO - 1 change detected
2025-10-12 20:18:08,615 - watchfiles.main - INFO - 1 change detected
2025-10-12 20:18:08,965 - watchfiles.main - INFO - 1 change detected
2025-10-12 20:18:09,317 - watchfiles.main - INFO - 1 change detected
2025-10-12 20:18:09,668 - watchfiles.main - INFO - 1 change detected
2025-10-12 20:18:10,019 - watchfiles.main - INFO - 1 change detected
2025-10-12 20:18:10,371 - watchfiles.main - INFO - 1 change detected
2025-10-12 20:18:10,722 - watchfiles.main - INFO - 1 change detected
2025-10-12 20:18:11,073 - watchfiles.main - INFO - 1 change detected
2025-10-12 20:18:11,426 - watchfiles.main - INFO - 1 change detected
2025-10-12 20:18:11,777 - watchfiles.main - INFO - 1 change detected
2025-10-12 20:18:12,129 - watchfiles.main - INFO - 1 change detected
2025-10-12 20:18:12,481 - watchfiles.main - INFO - 1 change detected
2025-10-12 20:18:12,833 - watchfiles.main - INFO - 1 change detected
2025-10-12 20:18:13,185 - watchfiles.main - INFO - 1 change detected
2025-10-12 20:18:13,538 - watchfiles.main - INFO - 1 change detected
2025-10-12 20:18:13,891 - watchfiles.main - INFO - 1 change detected
2025-10-12 20:18:14,242 - watchfiles.main - INFO - 1 change detected
2025-10-12 20:18:14,594 - watchfiles.main - INFO - 1 change detected
2025-10-12 20:18:14,946 - watchfiles.main - INFO - 1 change detected
2025-10-12 20:18:15,297 - watchfiles.main - INFO - 1 change detected
2025-10-12 20:18:15,648 - watchfiles.main - INFO - 1 change detected
2025-10-12 20:18:16,000 - watchfiles.main - INFO - 1 change detected
2025-10-12 20:18:16,351 - watchfiles.main - INFO - 1 change detected
2025-10-12 20:18:16,703 - watchfiles.main - INFO - 1 change detected
2025-10-12 20:18:17,055 - watchfiles.main - INFO - 1 change detected
2025-10-12 20:18:17,407 - watchfiles.main - INFO - 1 change detected
2025-10-12 20:18:17,758 - watchfiles.main - INFO - 1 change detected
2025-10-12 20:18:18,110 - watchfiles.main - INFO - 1 change detected
2025-10-12 20:18:18,461 - watchfiles.main - INFO - 1 change detected
2025-10-12 20:18:18,813 - watchfiles.main - INFO - 1 change detected
2025-10-12 20:18:19,165 - watchfiles.main - INFO - 1 change detected
2025-10-12 20:18:19,517 - watchfiles.main - INFO - 1 change detected
2025-10-12 20:18:19,868 - watchfiles.main - INFO - 1 change detected
2025-10-12 20:18:20,220 - watchfiles.main - INFO - 1 change detected
2025-10-12 20:18:20,572 - watchfiles.main - INFO - 1 change detected
2025-10-12 20:18:20,925 - watchfiles.main - INFO - 1 change detected
2025-10-12 20:18:21,276 - watchfiles.main - INFO - 1 change detected
2025-10-12 20:18:21,629 - watchfiles.main - INFO - 1 change detected
2025-10-12 20:18:21,981 - watchfiles.main - INFO - 1 change detected
2025-10-12 20:18:22,332 - watchfiles.main - INFO - 1 change detected
2025-10-12 20:18:22,685 - watchfiles.main - INFO - 1 change detected
2025-10-12 20:18:23,037 - watchfiles.main - INFO - 1 change detected
2025-10-12 20:18:23,388 - watchfiles.main - INFO - 1 change detected
2025-10-12 20:18:23,739 - watchfiles.main - INFO - 1 change detected
2025-10-12 20:18:24,090 - watchfiles.main - INFO - 1 change detected
2025-10-12 20:18:24,441 - watchfiles.main - INFO - 1 change detected
2025-10-12 20:18:24,792 - watchfiles.main - INFO - 1 change detected
2025-10-12 20:18:25,143 - watchfiles.main - INFO - 1 change detected
2025-10-12 20:18:25,495 - watchfiles.main - INFO - 1 change detected
2025-10-12 20:18:25,847 - watchfiles.main - INFO - 1 change detected
2025-10-12 20:18:26,199 - watchfiles.main - INFO - 1 change detected
2025-10-12 20:18:26,551 - watchfiles.main - INFO - 1 change detected
2025-10-12 20:18:26,903 - watchfiles.main - INFO - 1 change detected
2025-10-12 20:18:27,255 - watchfiles.main - INFO - 1 change detected
2025-10-12 20:18:27,607 - watchfiles.main - INFO - 1 change detected
2025-10-12 20:18:27,958 - watchfiles.main - INFO - 1 change detected
2025-10-12 20:18:28,310 - watchfiles.main - INFO - 1 change detected
2025-10-12 20:18:28,662 - watchfiles.main - INFO - 1 change detected
2025-10-12 20:18:29,014 - watchfiles.main - INFO - 1 change detected
2025-10-12 20:18:29,366 - watchfiles.main - INFO - 1 change detected
2025-10-12 20:18:29,718 - watchfiles.main - INFO - 1 change detected
2025-10-12 20:18:30,070 - watchfiles.main - INFO - 1 change detected
2025-10-12 20:18:30,421 - watchfiles.main - INFO - 1 change detected
2025-10-12 20:18:30,774 - watchfiles.main - INFO - 1 change detected
2025-10-12 20:18:31,126 - watchfiles.main - INFO - 1 change detected
2025-10-12 20:18:31,478 - watchfiles.main - INFO - 1 change detected
2025-10-12 20:18:31,830 - watchfiles.main - INFO - 1 change detected
2025-10-12 20:18:32,182 - watchfiles.main - INFO - 1 change detected
2025-10-12 20:18:32,535 - watchfiles.main - INFO - 1 change detected
2025-10-12 20:18:32,886 - watchfiles.main - INFO - 1 change detected
2025-10-12 20:18:33,237 - watchfiles.main - INFO - 1 change detected
2025-10-12 20:18:33,589 - watchfiles.main - INFO - 1 change detected
2025-10-12 20:18:33,941 - watchfiles.main - INFO - 1 change detected
2025-10-12 20:18:34,293 - watchfiles.main - INFO - 1 change detected
2025-10-12 20:18:34,645 - watchfiles.main - INFO - 1 change detected
2025-10-12 20:18:34,997 - watchfiles.main - INFO - 1 change detected
2025-10-12 20:18:35,348 - watchfiles.main - INFO - 1 change detected
2025-10-12 20:18:35,699 - watchfiles.main - INFO - 1 change detected
2025-10-12 20:18:36,051 - watchfiles.main - INFO - 1 change detected
2025-10-12 20:18:36,402 - watchfiles.main - INFO - 1 change detected
2025-10-12 20:18:36,753 - watchfiles.main - INFO - 1 change detected
2025-10-12 20:18:37,104 - watchfiles.main - INFO - 1 change detected
2025-10-12 20:18:37,455 - watchfiles.main - INFO - 1 change detected
2025-10-12 20:18:37,807 - watchfiles.main - INFO - 1 change detected
2025-10-12 20:18:38,158 - watchfiles.main - INFO - 1 change detected
2025-10-12 20:18:38,510 - watchfiles.main - INFO - 1 change detected
2025-10-12 20:18:38,861 - watchfiles.main - INFO - 1 change detected
2025-10-12 20:18:39,212 - watchfiles.main - INFO - 1 change detected
2025-10-12 20:18:39,563 - watchfiles.main - INFO - 1 change detected
2025-10-12 20:18:39,915 - watchfiles.main - INFO - 1 change detected
2025-10-12 20:18:40,267 - watchfiles.main - INFO - 1 change detected
2025-10-12 20:18:40,618 - watchfiles.main - INFO - 1 change detected
2025-10-12 20:18:40,969 - watchfiles.main - INFO - 1 change detected
2025-10-12 20:18:41,320 - watchfiles.main - INFO - 1 change detected
2025-10-12 20:18:41,672 - watchfiles.main - INFO - 1 change detected
2025-10-12 20:18:42,022 - watchfiles.main - INFO - 1 change detected
2025-10-12 20:18:42,374 - watchfiles.main - INFO - 1 change detected
2025-10-12 20:18:42,725 - watchfiles.main - INFO - 1 change detected
2025-10-12 20:18:43,076 - watchfiles.main - INFO - 1 change detected
2025-10-12 20:18:43,427 - watchfiles.main - INFO - 1 change detected
2025-10-12 20:18:43,778 - watchfiles.main - INFO - 1 change detected
2025-10-12 20:18:44,129 - watchfiles.main - INFO - 1 change detected
2025-10-12 20:18:44,481 - watchfiles.main - INFO - 1 change detected
2025-10-12 20:18:44,832 - watchfiles.main - INFO - 1 change detected
2025-10-12 20:18:45,183 - watchfiles.main - INFO - 1 change detected
2025-10-12 20:18:45,536 - watchfiles.main - INFO - 1 change detected
2025-10-12 20:18:45,888 - watchfiles.main - INFO - 1 change detected
2025-10-12 20:18:46,240 - watchfiles.main - INFO - 1 change detected
2025-10-12 20:18:46,592 - watchfiles.main - INFO - 1 change detected
2025-10-12 20:18:46,943 - watchfiles.main - INFO - 1 change detected
2025-10-12 20:18:47,295 - watchfiles.main - INFO - 1 change detected
2025-10-12 20:18:47,647 - watchfiles.main - INFO - 1 change detected
2025-10-12 20:18:47,999 - watchfiles.main - INFO - 1 change detected
2025-10-12 20:18:48,351 - watchfiles.main - INFO - 1 change detected
2025-10-12 20:18:48,702 - watchfiles.main - INFO - 1 change detected
2025-10-12 20:18:49,054 - watchfiles.main - INFO - 1 change detected
2025-10-12 20:18:49,405 - watchfiles.main - INFO - 1 change detected
2025-10-12 20:18:49,757 - watchfiles.main - INFO - 1 change detected
2025-10-12 20:18:50,108 - watchfiles.main - INFO - 1 change detected
2025-10-12 20:18:50,459 - watchfiles.main - INFO - 1 change detected
2025-10-12 20:18:50,810 - watchfiles.main - INFO - 1 change detected
2025-10-12 20:18:51,162 - watchfiles.main - INFO - 1 change detected
2025-10-12 20:18:51,514 - watchfiles.main - INFO - 1 change detected
2025-10-12 20:18:51,865 - watchfiles.main - INFO - 1 change detected
2025-10-12 20:18:52,218 - watchfiles.main - INFO - 1 change detected
2025-10-12 20:18:52,570 - watchfiles.main - INFO - 1 change detected
2025-10-12 20:18:52,921 - watchfiles.main - INFO - 1 change detected
2025-10-12 20:18:53,273 - watchfiles.main - INFO - 1 change detected
2025-10-12 20:18:53,624 - watchfiles.main - INFO - 1 change detected
2025-10-12 20:18:53,976 - watchfiles.main - INFO - 1 change detected
2025-10-12 20:18:54,327 - watchfiles.main - INFO - 1 change detected
2025-10-12 20:18:54,678 - watchfiles.main - INFO - 1 change detected
2025-10-12 20:18:55,029 - watchfiles.main - INFO - 1 change detected
2025-10-12 20:18:55,381 - watchfiles.main - INFO - 1 change detected
2025-10-12 20:18:55,732 - watchfiles.main - INFO - 1 change detected
2025-10-12 20:18:56,083 - watchfiles.main - INFO - 1 change detected
2025-10-12 20:18:56,434 - watchfiles.main - INFO - 1 change detected
2025-10-12 20:18:56,785 - watchfiles.main - INFO - 1 change detected
2025-10-12 20:18:57,136 - watchfiles.main - INFO - 1 change detected
2025-10-12 20:18:57,486 - watchfiles.main - INFO - 1 change detected
2025-10-12 20:18:57,837 - watchfiles.main - INFO - 1 change detected
2025-10-12 20:18:58,188 - watchfiles.main - INFO - 1 change detected
2025-10-12 20:18:58,539 - watchfiles.main - INFO - 1 change detected
2025-10-12 20:18:58,891 - watchfiles.main - INFO - 1 change detected
2025-10-12 20:18:59,243 - watchfiles.main - INFO - 1 change detected
2025-10-12 20:18:59,594 - watchfiles.main - INFO - 1 change detected
2025-10-12 20:18:59,945 - watchfiles.main - INFO - 1 change detected
2025-10-12 20:19:00,296 - watchfiles.main - INFO - 1 change detected
2025-10-12 20:19:00,647 - watchfiles.main - INFO - 1 change detected
2025-10-12 20:19:00,998 - watchfiles.main - INFO - 1 change detected
2025-10-12 20:19:01,349 - watchfiles.main - INFO - 1 change detected
2025-10-12 20:19:01,700 - watchfiles.main - INFO - 1 change detected
2025-10-12 20:19:02,051 - watchfiles.main - INFO - 1 change detected
2025-10-12 20:19:02,402 - watchfiles.main - INFO - 1 change detected
2025-10-12 20:19:02,753 - watchfiles.main - INFO - 1 change detected
2025-10-12 20:19:03,103 - watchfiles.main - INFO - 1 change detected
2025-10-12 20:19:03,454 - watchfiles.main - INFO - 1 change detected
2025-10-12 20:19:03,805 - watchfiles.main - INFO - 1 change detected
2025-10-12 20:19:04,155 - watchfiles.main - INFO - 1 change detected
2025-10-12 20:19:04,506 - watchfiles.main - INFO - 1 change detected
2025-10-12 20:19:04,859 - watchfiles.main - INFO - 1 change detected
2025-10-12 20:19:05,210 - watchfiles.main - INFO - 1 change detected
2025-10-12 20:19:05,562 - watchfiles.main - INFO - 1 change detected
2025-10-12 20:19:05,913 - watchfiles.main - INFO - 1 change detected
2025-10-12 20:19:06,264 - watchfiles.main - INFO - 1 change detected
2025-10-12 20:19:06,615 - watchfiles.main - INFO - 1 change detected
2025-10-12 20:19:06,967 - watchfiles.main - INFO - 1 change detected
2025-10-12 20:19:07,319 - watchfiles.main - INFO - 1 change detected
2025-10-12 20:19:07,671 - watchfiles.main - INFO - 1 change detected
2025-10-12 20:19:08,023 - watchfiles.main - INFO - 1 change detected
2025-10-12 20:19:08,374 - watchfiles.main - INFO - 1 change detected
2025-10-12 20:19:08,725 - watchfiles.main - INFO - 1 change detected
2025-10-12 20:19:09,076 - watchfiles.main - INFO - 1 change detected
2025-10-12 20:19:09,428 - watchfiles.main - INFO - 1 change detected
2025-10-12 20:19:09,780 - watchfiles.main - INFO - 1 change detected
2025-10-12 20:19:10,132 - watchfiles.main - INFO - 1 change detected
2025-10-12 20:19:10,484 - watchfiles.main - INFO - 1 change detected
2025-10-12 20:19:10,837 - watchfiles.main - INFO - 1 change detected
2025-10-12 20:19:11,189 - watchfiles.main - INFO - 1 change detected
2025-10-12 20:19:11,541 - watchfiles.main - INFO - 1 change detected
2025-10-12 20:19:11,892 - watchfiles.main - INFO - 1 change detected
2025-10-12 20:19:12,244 - watchfiles.main - INFO - 1 change detected
2025-10-12 20:19:12,596 - watchfiles.main - INFO - 1 change detected
2025-10-12 20:19:12,948 - watchfiles.main - INFO - 1 change detected
2025-10-12 20:19:13,301 - watchfiles.main - INFO - 1 change detected
2025-10-12 20:19:13,653 - watchfiles.main - INFO - 1 change detected
2025-10-12 20:19:14,005 - watchfiles.main - INFO - 1 change detected
2025-10-12 20:19:14,358 - watchfiles.main - INFO - 1 change detected
2025-10-12 20:19:14,709 - watchfiles.main - INFO - 1 change detected
2025-10-12 20:19:15,061 - watchfiles.main - INFO - 1 change detected
2025-10-12 20:19:15,413 - watchfiles.main - INFO - 1 change detected
2025-10-12 20:19:15,765 - watchfiles.main - INFO - 1 change detected
2025-10-12 20:19:16,117 - watchfiles.main - INFO - 1 change detected
2025-10-12 20:19:16,469 - watchfiles.main - INFO - 1 change detected
2025-10-12 20:19:16,820 - watchfiles.main - INFO - 1 change detected
2025-10-12 20:19:17,172 - watchfiles.main - INFO - 1 change detected
2025-10-12 20:19:17,524 - watchfiles.main - INFO - 1 change detected
2025-10-12 20:19:17,876 - watchfiles.main - INFO - 1 change detected
2025-10-12 20:19:18,227 - watchfiles.main - INFO - 1 change detected
2025-10-12 20:19:18,579 - watchfiles.main - INFO - 1 change detected
2025-10-12 20:19:18,931 - watchfiles.main - INFO - 1 change detected
2025-10-12 20:19:19,283 - watchfiles.main - INFO - 1 change detected
2025-10-12 20:19:19,634 - watchfiles.main - INFO - 1 change detected
2025-10-12 20:19:19,987 - watchfiles.main - INFO - 1 change detected
2025-10-12 20:19:20,339 - watchfiles.main - INFO - 1 change detected
2025-10-12 20:19:20,691 - watchfiles.main - INFO - 1 change detected
2025-10-12 20:19:21,042 - watchfiles.main - INFO - 1 change detected
2025-10-12 20:19:21,394 - watchfiles.main - INFO - 1 change detected
2025-10-12 20:19:21,745 - watchfiles.main - INFO - 1 change detected
2025-10-12 20:19:22,097 - watchfiles.main - INFO - 1 change detected
2025-10-12 20:19:22,449 - watchfiles.main - INFO - 1 change detected
2025-10-12 20:19:22,801 - watchfiles.main - INFO - 1 change detected
2025-10-12 20:19:23,153 - watchfiles.main - INFO - 1 change detected
2025-10-12 20:19:23,505 - watchfiles.main - INFO - 1 change detected
2025-10-12 20:19:23,856 - watchfiles.main - INFO - 1 change detected
2025-10-12 20:19:24,208 - watchfiles.main - INFO - 1 change detected
2025-10-12 20:19:24,560 - watchfiles.main - INFO - 1 change detected
2025-10-12 20:19:24,912 - watchfiles.main - INFO - 1 change detected
2025-10-12 20:19:25,264 - watchfiles.main - INFO - 1 change detected
2025-10-12 20:19:25,616 - watchfiles.main - INFO - 1 change detected
2025-10-12 20:19:25,968 - watchfiles.main - INFO - 1 change detected
2025-10-12 20:19:26,320 - watchfiles.main - INFO - 1 change detected
2025-10-12 20:19:26,673 - watchfiles.main - INFO - 1 change detected
2025-10-12 20:19:27,024 - watchfiles.main - INFO - 1 change detected
2025-10-12 20:19:27,376 - watchfiles.main - INFO - 1 change detected
2025-10-12 20:19:27,727 - watchfiles.main - INFO - 1 change detected
2025-10-12 20:19:28,079 - watchfiles.main - INFO - 1 change detected
2025-10-12 20:19:28,431 - watchfiles.main - INFO - 1 change detected
2025-10-12 20:19:28,782 - watchfiles.main - INFO - 1 change detected
2025-10-12 20:19:29,133 - watchfiles.main - INFO - 1 change detected
2025-10-12 20:19:29,485 - watchfiles.main - INFO - 1 change detected
2025-10-12 20:19:29,836 - watchfiles.main - INFO - 1 change detected
2025-10-12 20:19:30,189 - watchfiles.main - INFO - 1 change detected
2025-10-12 20:19:30,541 - watchfiles.main - INFO - 1 change detected
2025-10-12 20:19:30,892 - watchfiles.main - INFO - 1 change detected
2025-10-12 20:19:31,244 - watchfiles.main - INFO - 1 change detected
2025-10-12 20:19:31,596 - watchfiles.main - INFO - 1 change detected
2025-10-12 20:19:31,948 - watchfiles.main - INFO - 1 change detected
2025-10-12 20:19:32,300 - watchfiles.main - INFO - 1 change detected
2025-10-12 20:19:32,652 - watchfiles.main - INFO - 1 change detected
2025-10-12 20:19:33,004 - watchfiles.main - INFO - 1 change detected
2025-10-12 20:19:33,356 - watchfiles.main - INFO - 1 change detected
2025-10-12 20:19:33,708 - watchfiles.main - INFO - 1 change detected
2025-10-12 20:19:34,060 - watchfiles.main - INFO - 1 change detected
2025-10-12 20:19:34,412 - watchfiles.main - INFO - 1 change detected
2025-10-12 20:19:34,764 - watchfiles.main - INFO - 1 change detected
2025-10-12 20:19:35,116 - watchfiles.main - INFO - 1 change detected
2025-10-12 20:19:35,468 - watchfiles.main - INFO - 1 change detected
2025-10-12 20:19:35,820 - watchfiles.main - INFO - 1 change detected
2025-10-12 20:19:36,172 - watchfiles.main - INFO - 1 change detected
2025-10-12 20:19:36,525 - watchfiles.main - INFO - 1 change detected
2025-10-12 20:19:36,877 - watchfiles.main - INFO - 1 change detected
2025-10-12 20:19:37,229 - watchfiles.main - INFO - 1 change detected
2025-10-12 20:19:37,581 - watchfiles.main - INFO - 1 change detected
2025-10-12 20:19:37,933 - watchfiles.main - INFO - 1 change detected
2025-10-12 20:19:38,285 - watchfiles.main - INFO - 1 change detected
2025-10-12 20:19:38,637 - watchfiles.main - INFO - 1 change detected
2025-10-12 20:19:38,988 - watchfiles.main - INFO - 1 change detected
2025-10-12 20:19:39,339 - watchfiles.main - INFO - 1 change detected
2025-10-12 20:19:39,691 - watchfiles.main - INFO - 1 change detected
2025-10-12 20:19:40,042 - watchfiles.main - INFO - 1 change detected
2025-10-12 20:19:40,394 - watchfiles.main - INFO - 1 change detected
2025-10-12 20:19:40,745 - watchfiles.main - INFO - 1 change detected
2025-10-12 20:19:41,097 - watchfiles.main - INFO - 1 change detected
2025-10-12 20:19:41,449 - watchfiles.main - INFO - 1 change detected
2025-10-12 20:19:41,801 - watchfiles.main - INFO - 1 change detected
2025-10-12 20:19:42,153 - watchfiles.main - INFO - 1 change detected
2025-10-12 20:19:42,504 - watchfiles.main - INFO - 1 change detected
2025-10-12 20:19:42,856 - watchfiles.main - INFO - 1 change detected
2025-10-12 20:19:43,207 - watchfiles.main - INFO - 1 change detected
2025-10-12 20:19:43,559 - watchfiles.main - INFO - 1 change detected
2025-10-12 20:19:43,911 - watchfiles.main - INFO - 1 change detected
2025-10-12 20:19:44,263 - watchfiles.main - INFO - 1 change detected
2025-10-12 20:19:44,615 - watchfiles.main - INFO - 1 change detected
2025-10-12 20:19:44,968 - watchfiles.main - INFO - 1 change detected
2025-10-12 20:19:45,320 - watchfiles.main - INFO - 1 change detected
2025-10-12 20:19:45,672 - watchfiles.main - INFO - 1 change detected
2025-10-12 20:19:46,024 - watchfiles.main - INFO - 1 change detected
2025-10-12 20:19:46,376 - watchfiles.main - INFO - 1 change detected
2025-10-12 20:19:46,727 - watchfiles.main - INFO - 1 change detected
2025-10-12 20:19:47,079 - watchfiles.main - INFO - 1 change detected
2025-10-12 20:19:47,431 - watchfiles.main - INFO - 1 change detected
2025-10-12 20:19:47,783 - watchfiles.main - INFO - 1 change detected
2025-10-12 20:19:48,135 - watchfiles.main - INFO - 1 change detected
2025-10-12 20:19:48,486 - watchfiles.main - INFO - 1 change detected
2025-10-12 20:19:48,838 - watchfiles.main - INFO - 1 change detected
2025-10-12 20:19:49,190 - watchfiles.main - INFO - 1 change detected
2025-10-12 20:19:49,542 - watchfiles.main - INFO - 1 change detected
2025-10-12 20:19:49,893 - watchfiles.main - INFO - 1 change detected
2025-10-12 20:19:50,245 - watchfiles.main - INFO - 1 change detected
2025-10-12 20:19:50,597 - watchfiles.main - INFO - 1 change detected
2025-10-12 20:19:50,949 - watchfiles.main - INFO - 1 change detected
2025-10-12 20:19:51,301 - watchfiles.main - INFO - 1 change detected
2025-10-12 20:19:51,653 - watchfiles.main - INFO - 1 change detected
2025-10-12 20:19:52,005 - watchfiles.main - INFO - 1 change detected
2025-10-12 20:19:52,357 - watchfiles.main - INFO - 1 change detected
2025-10-12 20:19:52,709 - watchfiles.main - INFO - 1 change detected
2025-10-12 20:19:53,061 - watchfiles.main - INFO - 1 change detected
2025-10-12 20:19:53,413 - watchfiles.main - INFO - 1 change detected
2025-10-12 20:19:53,764 - watchfiles.main - INFO - 1 change detected
2025-10-12 20:19:54,116 - watchfiles.main - INFO - 1 change detected
2025-10-12 20:19:54,467 - watchfiles.main - INFO - 1 change detected
2025-10-12 20:19:54,820 - watchfiles.main - INFO - 1 change detected
2025-10-12 20:19:55,172 - watchfiles.main - INFO - 1 change detected
2025-10-12 20:19:55,524 - watchfiles.main - INFO - 1 change detected
2025-10-12 20:19:55,875 - watchfiles.main - INFO - 1 change detected
2025-10-12 20:19:56,227 - watchfiles.main - INFO - 1 change detected
2025-10-12 20:19:56,579 - watchfiles.main - INFO - 1 change detected
2025-10-12 20:19:56,932 - watchfiles.main - INFO - 1 change detected
2025-10-12 20:19:57,284 - watchfiles.main - INFO - 1 change detected
2025-10-12 20:19:57,636 - watchfiles.main - INFO - 1 change detected
2025-10-12 20:19:57,988 - watchfiles.main - INFO - 1 change detected
2025-10-12 20:19:58,340 - watchfiles.main - INFO - 1 change detected
2025-10-12 20:19:58,691 - watchfiles.main - INFO - 1 change detected
2025-10-12 20:19:59,043 - watchfiles.main - INFO - 1 change detected
2025-10-12 20:19:59,395 - watchfiles.main - INFO - 1 change detected
2025-10-12 20:19:59,746 - watchfiles.main - INFO - 1 change detected
2025-10-12 20:20:00,098 - watchfiles.main - INFO - 1 change detected
2025-10-12 20:20:00,450 - watchfiles.main - INFO - 1 change detected
2025-10-12 20:20:00,802 - watchfiles.main - INFO - 1 change detected
2025-10-12 20:20:01,155 - watchfiles.main - INFO - 1 change detected
2025-10-12 20:20:01,508 - watchfiles.main - INFO - 1 change detected
2025-10-12 20:20:01,860 - watchfiles.main - INFO - 1 change detected
2025-10-12 20:20:02,212 - watchfiles.main - INFO - 1 change detected
2025-10-12 20:20:02,564 - watchfiles.main - INFO - 1 change detected
2025-10-12 20:20:02,916 - watchfiles.main - INFO - 1 change detected
2025-10-12 20:20:03,268 - watchfiles.main - INFO - 1 change detected
2025-10-12 20:20:03,620 - watchfiles.main - INFO - 1 change detected
2025-10-12 20:20:03,971 - watchfiles.main - INFO - 1 change detected
2025-10-12 20:20:04,323 - watchfiles.main - INFO - 1 change detected
2025-10-12 20:20:04,674 - watchfiles.main - INFO - 1 change detected
2025-10-12 20:20:05,026 - watchfiles.main - INFO - 1 change detected
2025-10-12 20:20:05,378 - watchfiles.main - INFO - 1 change detected
2025-10-12 20:20:05,730 - watchfiles.main - INFO - 1 change detected
2025-10-12 20:20:06,082 - watchfiles.main - INFO - 1 change detected
2025-10-12 20:20:06,433 - watchfiles.main - INFO - 1 change detected
2025-10-12 20:20:06,784 - watchfiles.main - INFO - 1 change detected
2025-10-12 20:20:07,135 - watchfiles.main - INFO - 1 change detected
2025-10-12 20:20:07,487 - watchfiles.main - INFO - 1 change detected
2025-10-12 20:20:07,838 - watchfiles.main - INFO - 1 change detected
2025-10-12 20:20:08,190 - watchfiles.main - INFO - 1 change detected
2025-10-12 20:20:08,542 - watchfiles.main - INFO - 1 change detected
2025-10-12 20:20:08,893 - watchfiles.main - INFO - 1 change detected
2025-10-12 20:20:09,245 - watchfiles.main - INFO - 1 change detected
2025-10-12 20:20:09,598 - watchfiles.main - INFO - 1 change detected
2025-10-12 20:20:09,950 - watchfiles.main - INFO - 1 change detected
2025-10-12 20:20:10,302 - watchfiles.main - INFO - 1 change detected
2025-10-12 20:20:10,654 - watchfiles.main - INFO - 1 change detected
2025-10-12 20:20:11,005 - watchfiles.main - INFO - 1 change detected
2025-10-12 20:20:11,357 - watchfiles.main - INFO - 1 change detected
2025-10-12 20:20:11,709 - watchfiles.main - INFO - 1 change detected
2025-10-12 20:20:12,060 - watchfiles.main - INFO - 1 change detected
2025-10-12 20:20:12,412 - watchfiles.main - INFO - 1 change detected
2025-10-12 20:20:12,764 - watchfiles.main - INFO - 1 change detected
2025-10-12 20:20:13,116 - watchfiles.main - INFO - 1 change detected
2025-10-12 20:20:13,468 - watchfiles.main - INFO - 1 change detected
2025-10-12 20:20:13,820 - watchfiles.main - INFO - 1 change detected
2025-10-12 20:20:14,172 - watchfiles.main - INFO - 1 change detected
2025-10-12 20:20:14,523 - watchfiles.main - INFO - 1 change detected
2025-10-12 20:20:14,875 - watchfiles.main - INFO - 1 change detected
2025-10-12 20:20:15,227 - watchfiles.main - INFO - 1 change detected
2025-10-12 20:20:15,579 - watchfiles.main - INFO - 1 change detected
2025-10-12 20:20:15,931 - watchfiles.main - INFO - 1 change detected
2025-10-12 20:20:16,282 - watchfiles.main - INFO - 1 change detected
2025-10-12 20:20:16,635 - watchfiles.main - INFO - 1 change detected
2025-10-12 20:20:16,987 - watchfiles.main - INFO - 1 change detected
2025-10-12 20:20:17,339 - watchfiles.main - INFO - 1 change detected
2025-10-12 20:20:17,692 - watchfiles.main - INFO - 1 change detected
2025-10-12 20:20:18,043 - watchfiles.main - INFO - 1 change detected
2025-10-12 20:20:18,394 - watchfiles.main - INFO - 1 change detected
2025-10-12 20:20:18,746 - watchfiles.main - INFO - 1 change detected
2025-10-12 20:20:19,097 - watchfiles.main - INFO - 1 change detected
2025-10-12 20:20:19,449 - watchfiles.main - INFO - 1 change detected
2025-10-12 20:20:19,801 - watchfiles.main - INFO - 1 change detected
2025-10-12 20:20:20,154 - watchfiles.main - INFO - 1 change detected
2025-10-12 20:20:20,506 - watchfiles.main - INFO - 1 change detected
2025-10-12 20:20:20,858 - watchfiles.main - INFO - 1 change detected
2025-10-12 20:20:21,210 - watchfiles.main - INFO - 1 change detected
2025-10-12 20:20:21,562 - watchfiles.main - INFO - 1 change detected
2025-10-12 20:20:21,913 - watchfiles.main - INFO - 1 change detected
2025-10-12 20:20:22,266 - watchfiles.main - INFO - 1 change detected
2025-10-12 20:20:22,619 - watchfiles.main - INFO - 1 change detected
2025-10-12 20:20:22,970 - watchfiles.main - INFO - 1 change detected
2025-10-12 20:20:23,322 - watchfiles.main - INFO - 1 change detected
2025-10-12 20:20:23,674 - watchfiles.main - INFO - 1 change detected
2025-10-12 20:20:24,026 - watchfiles.main - INFO - 1 change detected
2025-10-12 20:20:24,378 - watchfiles.main - INFO - 1 change detected
2025-10-12 20:20:24,731 - watchfiles.main - INFO - 1 change detected
2025-10-12 20:20:25,083 - watchfiles.main - INFO - 1 change detected
2025-10-12 20:20:25,434 - watchfiles.main - INFO - 1 change detected
2025-10-12 20:20:25,786 - watchfiles.main - INFO - 1 change detected
2025-10-12 20:20:26,138 - watchfiles.main - INFO - 1 change detected
2025-10-12 20:20:26,491 - watchfiles.main - INFO - 1 change detected
2025-10-12 20:20:26,842 - watchfiles.main - INFO - 1 change detected
2025-10-12 20:20:27,194 - watchfiles.main - INFO - 1 change detected
2025-10-12 20:20:27,546 - watchfiles.main - INFO - 1 change detected
2025-10-12 20:20:27,899 - watchfiles.main - INFO - 1 change detected
2025-10-12 20:20:28,250 - watchfiles.main - INFO - 1 change detected
2025-10-12 20:20:28,602 - watchfiles.main - INFO - 1 change detected
2025-10-12 20:20:28,954 - watchfiles.main - INFO - 1 change detected
2025-10-12 20:20:29,306 - watchfiles.main - INFO - 1 change detected
2025-10-12 20:20:29,657 - watchfiles.main - INFO - 1 change detected
2025-10-12 20:20:30,009 - watchfiles.main - INFO - 1 change detected
2025-10-12 20:20:30,360 - watchfiles.main - INFO - 1 change detected
2025-10-12 20:20:30,712 - watchfiles.main - INFO - 1 change detected
2025-10-12 20:20:31,064 - watchfiles.main - INFO - 1 change detected
2025-10-12 20:20:31,416 - watchfiles.main - INFO - 1 change detected
2025-10-12 20:20:31,768 - watchfiles.main - INFO - 1 change detected
2025-10-12 20:20:32,119 - watchfiles.main - INFO - 1 change detected
2025-10-12 20:20:32,471 - watchfiles.main - INFO - 1 change detected
2025-10-12 20:20:32,823 - watchfiles.main - INFO - 1 change detected
2025-10-12 20:20:33,175 - watchfiles.main - INFO - 1 change detected
2025-10-12 20:20:33,527 - watchfiles.main - INFO - 1 change detected
2025-10-12 20:20:33,879 - watchfiles.main - INFO - 1 change detected
2025-10-12 20:20:34,231 - watchfiles.main - INFO - 1 change detected
2025-10-12 20:20:34,583 - watchfiles.main - INFO - 1 change detected
2025-10-12 20:20:34,935 - watchfiles.main - INFO - 1 change detected
2025-10-12 20:20:35,288 - watchfiles.main - INFO - 1 change detected
2025-10-12 20:20:35,640 - watchfiles.main - INFO - 1 change detected
2025-10-12 20:20:35,992 - watchfiles.main - INFO - 1 change detected
2025-10-12 20:20:36,343 - watchfiles.main - INFO - 1 change detected
2025-10-12 20:20:36,695 - watchfiles.main - INFO - 1 change detected
2025-10-12 20:20:37,047 - watchfiles.main - INFO - 1 change detected
2025-10-12 20:20:37,398 - watchfiles.main - INFO - 1 change detected
2025-10-12 20:20:37,751 - watchfiles.main - INFO - 1 change detected
2025-10-12 20:20:38,103 - watchfiles.main - INFO - 1 change detected
2025-10-12 20:20:38,454 - watchfiles.main - INFO - 1 change detected
2025-10-12 20:20:38,805 - watchfiles.main - INFO - 1 change detected
2025-10-12 20:20:39,157 - watchfiles.main - INFO - 1 change detected
2025-10-12 20:20:39,509 - watchfiles.main - INFO - 1 change detected
2025-10-12 20:20:39,860 - watchfiles.main - INFO - 1 change detected
2025-10-12 20:20:40,213 - watchfiles.main - INFO - 1 change detected
2025-10-12 20:20:40,564 - watchfiles.main - INFO - 1 change detected
2025-10-12 20:20:40,916 - watchfiles.main - INFO - 1 change detected
2025-10-12 20:20:41,268 - watchfiles.main - INFO - 1 change detected
2025-10-12 20:20:41,620 - watchfiles.main - INFO - 1 change detected
2025-10-12 20:20:41,972 - watchfiles.main - INFO - 1 change detected
2025-10-12 20:20:42,323 - watchfiles.main - INFO - 1 change detected
2025-10-12 20:20:42,674 - watchfiles.main - INFO - 1 change detected
2025-10-12 20:20:43,027 - watchfiles.main - INFO - 1 change detected
2025-10-12 20:20:43,378 - watchfiles.main - INFO - 1 change detected
2025-10-12 20:20:43,730 - watchfiles.main - INFO - 1 change detected
2025-10-12 20:20:44,082 - watchfiles.main - INFO - 1 change detected
2025-10-12 20:20:44,434 - watchfiles.main - INFO - 1 change detected
2025-10-12 20:20:44,786 - watchfiles.main - INFO - 1 change detected
2025-10-12 20:20:45,137 - watchfiles.main - INFO - 1 change detected
2025-10-12 20:20:45,489 - watchfiles.main - INFO - 1 change detected
2025-10-12 20:20:45,841 - watchfiles.main - INFO - 1 change detected
2025-10-12 20:20:46,192 - watchfiles.main - INFO - 1 change detected
2025-10-12 20:20:46,545 - watchfiles.main - INFO - 1 change detected
2025-10-12 20:20:46,897 - watchfiles.main - INFO - 1 change detected
2025-10-12 20:20:47,249 - watchfiles.main - INFO - 1 change detected
2025-10-12 20:20:47,601 - watchfiles.main - INFO - 1 change detected
2025-10-12 20:20:47,953 - watchfiles.main - INFO - 1 change detected
2025-10-12 20:20:48,306 - watchfiles.main - INFO - 1 change detected
2025-10-12 20:20:48,658 - watchfiles.main - INFO - 1 change detected
2025-10-12 20:20:49,009 - watchfiles.main - INFO - 1 change detected
2025-10-12 20:20:49,361 - watchfiles.main - INFO - 1 change detected
2025-10-12 20:20:49,713 - watchfiles.main - INFO - 1 change detected
2025-10-12 20:20:50,066 - watchfiles.main - INFO - 1 change detected
2025-10-12 20:20:50,418 - watchfiles.main - INFO - 1 change detected
2025-10-12 20:20:50,770 - watchfiles.main - INFO - 1 change detected
2025-10-12 20:20:51,122 - watchfiles.main - INFO - 1 change detected
2025-10-12 20:20:51,474 - watchfiles.main - INFO - 1 change detected
2025-10-12 20:20:51,825 - watchfiles.main - INFO - 1 change detected
2025-10-12 20:20:52,176 - watchfiles.main - INFO - 1 change detected
2025-10-12 20:20:52,527 - watchfiles.main - INFO - 1 change detected
2025-10-12 20:20:52,878 - watchfiles.main - INFO - 1 change detected
2025-10-12 20:20:53,229 - watchfiles.main - INFO - 1 change detected
2025-10-12 20:20:53,579 - watchfiles.main - INFO - 1 change detected
2025-10-12 20:20:53,930 - watchfiles.main - INFO - 1 change detected
2025-10-12 20:20:54,282 - watchfiles.main - INFO - 1 change detected
2025-10-12 20:20:54,633 - watchfiles.main - INFO - 1 change detected
2025-10-12 20:20:54,984 - watchfiles.main - INFO - 1 change detected
2025-10-12 20:20:55,335 - watchfiles.main - INFO - 1 change detected
2025-10-12 20:20:55,687 - watchfiles.main - INFO - 1 change detected
2025-10-12 20:20:56,040 - watchfiles.main - INFO - 1 change detected
2025-10-12 20:20:56,390 - watchfiles.main - INFO - 1 change detected
2025-10-12 20:20:56,741 - watchfiles.main - INFO - 1 change detected
2025-10-12 20:20:57,092 - watchfiles.main - INFO - 1 change detected
2025-10-12 20:20:57,443 - watchfiles.main - INFO - 1 change detected
2025-10-12 20:20:57,794 - watchfiles.main - INFO - 1 change detected
2025-10-12 20:20:58,146 - watchfiles.main - INFO - 1 change detected
2025-10-12 20:20:58,498 - watchfiles.main - INFO - 1 change detected
2025-10-12 20:20:58,849 - watchfiles.main - INFO - 1 change detected
2025-10-12 20:20:59,202 - watchfiles.main - INFO - 1 change detected
2025-10-12 20:20:59,553 - watchfiles.main - INFO - 1 change detected
2025-10-12 20:20:59,904 - watchfiles.main - INFO - 1 change detected
2025-10-12 20:21:00,256 - watchfiles.main - INFO - 1 change detected
2025-10-12 20:21:00,608 - watchfiles.main - INFO - 1 change detected
2025-10-12 20:21:00,960 - watchfiles.main - INFO - 1 change detected
2025-10-12 20:21:01,311 - watchfiles.main - INFO - 1 change detected
2025-10-12 20:21:01,662 - watchfiles.main - INFO - 1 change detected
2025-10-12 20:21:02,013 - watchfiles.main - INFO - 1 change detected
2025-10-12 20:21:02,364 - watchfiles.main - INFO - 1 change detected
2025-10-12 20:21:02,715 - watchfiles.main - INFO - 1 change detected
2025-10-12 20:21:03,067 - watchfiles.main - INFO - 1 change detected
2025-10-12 20:21:03,419 - watchfiles.main - INFO - 1 change detected
2025-10-12 20:21:03,771 - watchfiles.main - INFO - 1 change detected
2025-10-12 20:21:04,122 - watchfiles.main - INFO - 1 change detected
2025-10-12 20:21:04,473 - watchfiles.main - INFO - 1 change detected
2025-10-12 20:21:04,824 - watchfiles.main - INFO - 1 change detected
2025-10-12 20:21:05,175 - watchfiles.main - INFO - 1 change detected
2025-10-12 20:21:05,527 - watchfiles.main - INFO - 1 change detected
2025-10-12 20:21:05,879 - watchfiles.main - INFO - 1 change detected
2025-10-12 20:21:06,231 - watchfiles.main - INFO - 1 change detected
2025-10-12 20:21:06,582 - watchfiles.main - INFO - 1 change detected
2025-10-12 20:21:06,933 - watchfiles.main - INFO - 1 change detected
2025-10-12 20:21:07,284 - watchfiles.main - INFO - 1 change detected
2025-10-12 20:21:07,635 - watchfiles.main - INFO - 1 change detected
2025-10-12 20:21:07,987 - watchfiles.main - INFO - 1 change detected
2025-10-12 20:21:08,338 - watchfiles.main - INFO - 1 change detected
2025-10-12 20:21:08,689 - watchfiles.main - INFO - 1 change detected
2025-10-12 20:21:09,042 - watchfiles.main - INFO - 1 change detected
2025-10-12 20:21:09,394 - watchfiles.main - INFO - 1 change detected
2025-10-12 20:21:09,745 - watchfiles.main - INFO - 1 change detected
2025-10-12 20:21:10,096 - watchfiles.main - INFO - 1 change detected
2025-10-12 20:21:10,448 - watchfiles.main - INFO - 1 change detected
2025-10-12 20:21:10,800 - watchfiles.main - INFO - 1 change detected
2025-10-12 20:21:11,151 - watchfiles.main - INFO - 1 change detected
2025-10-12 20:21:11,503 - watchfiles.main - INFO - 1 change detected
2025-10-12 20:21:11,853 - watchfiles.main - INFO - 1 change detected
2025-10-12 20:21:12,204 - watchfiles.main - INFO - 1 change detected
2025-10-12 20:21:12,556 - watchfiles.main - INFO - 1 change detected
2025-10-12 20:21:12,907 - watchfiles.main - INFO - 1 change detected
2025-10-12 20:21:13,258 - watchfiles.main - INFO - 1 change detected
2025-10-12 20:21:13,609 - watchfiles.main - INFO - 1 change detected
2025-10-12 20:21:13,960 - watchfiles.main - INFO - 1 change detected
2025-10-12 20:21:14,311 - watchfiles.main - INFO - 1 change detected
2025-10-12 20:21:14,662 - watchfiles.main - INFO - 1 change detected
2025-10-12 20:21:15,013 - watchfiles.main - INFO - 1 change detected
2025-10-12 20:21:15,364 - watchfiles.main - INFO - 1 change detected
2025-10-12 20:21:15,715 - watchfiles.main - INFO - 1 change detected
2025-10-12 20:21:16,066 - watchfiles.main - INFO - 1 change detected
2025-10-12 20:21:16,418 - watchfiles.main - INFO - 1 change detected
2025-10-12 20:21:16,769 - watchfiles.main - INFO - 1 change detected
2025-10-12 20:21:17,121 - watchfiles.main - INFO - 1 change detected
2025-10-12 20:21:17,472 - watchfiles.main - INFO - 1 change detected
2025-10-12 20:21:17,823 - watchfiles.main - INFO - 1 change detected
2025-10-12 20:21:18,174 - watchfiles.main - INFO - 1 change detected
2025-10-12 20:21:18,525 - watchfiles.main - INFO - 1 change detected
2025-10-12 20:21:18,877 - watchfiles.main - INFO - 1 change detected
2025-10-12 20:21:19,228 - watchfiles.main - INFO - 1 change detected
2025-10-12 20:21:19,579 - watchfiles.main - INFO - 1 change detected
2025-10-12 20:21:19,929 - watchfiles.main - INFO - 1 change detected
2025-10-12 20:21:20,280 - watchfiles.main - INFO - 1 change detected
2025-10-12 20:21:20,631 - watchfiles.main - INFO - 1 change detected
2025-10-12 20:21:20,982 - watchfiles.main - INFO - 1 change detected
2025-10-12 20:21:21,333 - watchfiles.main - INFO - 1 change detected
2025-10-12 20:21:21,684 - watchfiles.main - INFO - 1 change detected
2025-10-12 20:21:22,035 - watchfiles.main - INFO - 1 change detected
2025-10-12 20:21:22,386 - watchfiles.main - INFO - 1 change detected
2025-10-12 20:21:22,736 - watchfiles.main - INFO - 1 change detected
2025-10-12 20:21:23,089 - watchfiles.main - INFO - 1 change detected
2025-10-12 20:21:23,440 - watchfiles.main - INFO - 1 change detected
2025-10-12 20:21:23,791 - watchfiles.main - INFO - 1 change detected
2025-10-12 20:21:24,143 - watchfiles.main - INFO - 1 change detected
2025-10-12 20:21:24,494 - watchfiles.main - INFO - 1 change detected
2025-10-12 20:21:24,845 - watchfiles.main - INFO - 1 change detected
2025-10-12 20:21:25,196 - watchfiles.main - INFO - 1 change detected
2025-10-12 20:21:25,547 - watchfiles.main - INFO - 1 change detected
2025-10-12 20:21:25,898 - watchfiles.main - INFO - 1 change detected
2025-10-12 20:21:26,249 - watchfiles.main - INFO - 1 change detected
2025-10-12 20:21:26,601 - watchfiles.main - INFO - 1 change detected
2025-10-12 20:21:26,952 - watchfiles.main - INFO - 1 change detected
2025-10-12 20:21:27,303 - watchfiles.main - INFO - 1 change detected
2025-10-12 20:21:27,654 - watchfiles.main - INFO - 1 change detected
2025-10-12 20:21:28,005 - watchfiles.main - INFO - 1 change detected
2025-10-12 20:21:28,357 - watchfiles.main - INFO - 1 change detected
2025-10-12 20:21:28,708 - watchfiles.main - INFO - 1 change detected
2025-10-12 20:21:29,059 - watchfiles.main - INFO - 1 change detected
2025-10-12 20:21:29,410 - watchfiles.main - INFO - 1 change detected
2025-10-12 20:21:29,762 - watchfiles.main - INFO - 1 change detected
2025-10-12 20:21:30,113 - watchfiles.main - INFO - 1 change detected
2025-10-12 20:21:30,464 - watchfiles.main - INFO - 1 change detected
2025-10-12 20:21:30,816 - watchfiles.main - INFO - 1 change detected
2025-10-12 20:21:31,167 - watchfiles.main - INFO - 1 change detected
2025-10-12 20:21:31,518 - watchfiles.main - INFO - 1 change detected
2025-10-12 20:21:31,869 - watchfiles.main - INFO - 1 change detected
2025-10-12 20:21:32,220 - watchfiles.main - INFO - 1 change detected
2025-10-12 20:21:32,572 - watchfiles.main - INFO - 1 change detected
2025-10-12 20:21:32,923 - watchfiles.main - INFO - 1 change detected
2025-10-12 20:21:33,275 - watchfiles.main - INFO - 1 change detected
2025-10-12 20:21:33,626 - watchfiles.main - INFO - 1 change detected
2025-10-12 20:21:33,977 - watchfiles.main - INFO - 1 change detected
2025-10-12 20:21:34,328 - watchfiles.main - INFO - 1 change detected
2025-10-12 20:21:34,679 - watchfiles.main - INFO - 1 change detected
2025-10-12 20:21:35,030 - watchfiles.main - INFO - 1 change detected
2025-10-12 20:21:35,381 - watchfiles.main - INFO - 1 change detected
2025-10-12 20:21:35,735 - watchfiles.main - INFO - 1 change detected
2025-10-12 20:21:36,086 - watchfiles.main - INFO - 1 change detected
2025-10-12 20:21:36,437 - watchfiles.main - INFO - 1 change detected
2025-10-12 20:21:36,789 - watchfiles.main - INFO - 1 change detected
2025-10-12 20:21:37,140 - watchfiles.main - INFO - 1 change detected
2025-10-12 20:21:37,492 - watchfiles.main - INFO - 1 change detected
2025-10-12 20:21:37,844 - watchfiles.main - INFO - 1 change detected
2025-10-12 20:21:38,196 - watchfiles.main - INFO - 1 change detected
2025-10-12 20:21:38,547 - watchfiles.main - INFO - 1 change detected
2025-10-12 20:21:38,898 - watchfiles.main - INFO - 1 change detected
2025-10-12 20:21:39,249 - watchfiles.main - INFO - 1 change detected
2025-10-12 20:21:39,601 - watchfiles.main - INFO - 1 change detected
2025-10-12 20:21:39,952 - watchfiles.main - INFO - 1 change detected
2025-10-12 20:21:40,303 - watchfiles.main - INFO - 1 change detected
2025-10-12 20:21:40,654 - watchfiles.main - INFO - 1 change detected
2025-10-12 20:21:41,005 - watchfiles.main - INFO - 1 change detected
2025-10-12 20:21:41,357 - watchfiles.main - INFO - 1 change detected
2025-10-12 20:21:41,709 - watchfiles.main - INFO - 1 change detected
2025-10-12 20:21:42,060 - watchfiles.main - INFO - 1 change detected
2025-10-12 20:21:42,411 - watchfiles.main - INFO - 1 change detected
2025-10-12 20:21:42,762 - watchfiles.main - INFO - 1 change detected
2025-10-12 20:21:43,113 - watchfiles.main - INFO - 1 change detected
2025-10-12 20:21:43,464 - watchfiles.main - INFO - 1 change detected
2025-10-12 20:21:43,815 - watchfiles.main - INFO - 1 change detected
2025-10-12 20:21:44,166 - watchfiles.main - INFO - 1 change detected
2025-10-12 20:21:44,518 - watchfiles.main - INFO - 1 change detected
2025-10-12 20:21:44,872 - watchfiles.main - INFO - 1 change detected
2025-10-12 20:21:45,223 - watchfiles.main - INFO - 1 change detected
2025-10-12 20:21:45,575 - watchfiles.main - INFO - 1 change detected
2025-10-12 20:21:45,926 - watchfiles.main - INFO - 1 change detected
2025-10-12 20:21:46,277 - watchfiles.main - INFO - 1 change detected
2025-10-12 20:21:46,629 - watchfiles.main - INFO - 1 change detected
2025-10-12 20:21:46,980 - watchfiles.main - INFO - 1 change detected
2025-10-12 20:21:47,331 - watchfiles.main - INFO - 1 change detected
2025-10-12 20:21:47,682 - watchfiles.main - INFO - 1 change detected
2025-10-12 20:21:48,034 - watchfiles.main - INFO - 1 change detected
2025-10-12 20:21:48,385 - watchfiles.main - INFO - 1 change detected
2025-10-12 20:21:48,736 - watchfiles.main - INFO - 1 change detected
2025-10-12 20:21:49,086 - watchfiles.main - INFO - 1 change detected
2025-10-12 20:21:49,437 - watchfiles.main - INFO - 1 change detected
2025-10-12 20:21:49,788 - watchfiles.main - INFO - 1 change detected
2025-10-12 20:21:50,139 - watchfiles.main - INFO - 1 change detected
2025-10-12 20:21:50,491 - watchfiles.main - INFO - 1 change detected
2025-10-12 20:21:50,842 - watchfiles.main - INFO - 1 change detected
2025-10-12 20:21:51,193 - watchfiles.main - INFO - 1 change detected
2025-10-12 20:21:51,544 - watchfiles.main - INFO - 1 change detected
2025-10-12 20:21:51,896 - watchfiles.main - INFO - 1 change detected
2025-10-12 20:21:52,247 - watchfiles.main - INFO - 1 change detected
2025-10-12 20:21:52,598 - watchfiles.main - INFO - 1 change detected
2025-10-12 20:21:52,948 - watchfiles.main - INFO - 1 change detected
2025-10-12 20:21:53,300 - watchfiles.main - INFO - 1 change detected
2025-10-12 20:21:53,651 - watchfiles.main - INFO - 1 change detected
2025-10-12 20:21:54,002 - watchfiles.main - INFO - 1 change detected
2025-10-12 20:21:54,353 - watchfiles.main - INFO - 1 change detected
2025-10-12 20:21:54,704 - watchfiles.main - INFO - 1 change detected
2025-10-12 20:21:55,056 - watchfiles.main - INFO - 1 change detected
2025-10-12 20:21:55,407 - watchfiles.main - INFO - 1 change detected
2025-10-12 20:21:55,758 - watchfiles.main - INFO - 1 change detected
2025-10-12 20:21:56,110 - watchfiles.main - INFO - 1 change detected
2025-10-12 20:21:56,461 - watchfiles.main - INFO - 1 change detected
2025-10-12 20:21:56,812 - watchfiles.main - INFO - 1 change detected
2025-10-12 20:21:57,163 - watchfiles.main - INFO - 1 change detected
2025-10-12 20:21:57,515 - watchfiles.main - INFO - 1 change detected
2025-10-12 20:21:57,865 - watchfiles.main - INFO - 1 change detected
2025-10-12 20:21:58,217 - watchfiles.main - INFO - 1 change detected
2025-10-12 20:21:58,568 - watchfiles.main - INFO - 1 change detected
2025-10-12 20:21:58,919 - watchfiles.main - INFO - 1 change detected
2025-10-12 20:21:59,271 - watchfiles.main - INFO - 1 change detected
2025-10-12 20:21:59,622 - watchfiles.main - INFO - 1 change detected
2025-10-12 20:21:59,973 - watchfiles.main - INFO - 1 change detected
2025-10-12 20:22:00,325 - watchfiles.main - INFO - 1 change detected
2025-10-12 20:22:00,678 - watchfiles.main - INFO - 1 change detected
2025-10-12 20:22:01,030 - watchfiles.main - INFO - 1 change detected
2025-10-12 20:22:01,381 - watchfiles.main - INFO - 1 change detected
2025-10-12 20:22:01,732 - watchfiles.main - INFO - 1 change detected
2025-10-12 20:22:02,084 - watchfiles.main - INFO - 1 change detected
2025-10-12 20:22:02,435 - watchfiles.main - INFO - 1 change detected
2025-10-12 20:22:02,786 - watchfiles.main - INFO - 1 change detected
2025-10-12 20:22:03,137 - watchfiles.main - INFO - 1 change detected
2025-10-12 20:22:03,488 - watchfiles.main - INFO - 1 change detected
2025-10-12 20:22:03,839 - watchfiles.main - INFO - 1 change detected
2025-10-12 20:22:04,190 - watchfiles.main - INFO - 1 change detected
2025-10-12 20:22:04,540 - watchfiles.main - INFO - 1 change detected
2025-10-12 20:22:04,891 - watchfiles.main - INFO - 1 change detected
2025-10-12 20:22:05,244 - watchfiles.main - INFO - 1 change detected
2025-10-12 20:22:05,595 - watchfiles.main - INFO - 1 change detected
2025-10-12 20:22:05,946 - watchfiles.main - INFO - 1 change detected
2025-10-12 20:22:06,297 - watchfiles.main - INFO - 1 change detected
2025-10-12 20:22:06,648 - watchfiles.main - INFO - 1 change detected
2025-10-12 20:22:07,000 - watchfiles.main - INFO - 1 change detected
2025-10-12 20:22:07,352 - watchfiles.main - INFO - 1 change detected
2025-10-12 20:22:07,703 - watchfiles.main - INFO - 1 change detected
2025-10-12 20:22:08,054 - watchfiles.main - INFO - 1 change detected
2025-10-12 20:22:08,405 - watchfiles.main - INFO - 1 change detected
2025-10-12 20:22:08,757 - watchfiles.main - INFO - 1 change detected
2025-10-12 20:22:09,108 - watchfiles.main - INFO - 1 change detected
2025-10-12 20:22:09,460 - watchfiles.main - INFO - 1 change detected
2025-10-12 20:22:09,811 - watchfiles.main - INFO - 1 change detected
2025-10-12 20:22:10,163 - watchfiles.main - INFO - 1 change detected
2025-10-12 20:22:10,514 - watchfiles.main - INFO - 1 change detected
2025-10-12 20:22:10,865 - watchfiles.main - INFO - 1 change detected
2025-10-12 20:22:11,215 - watchfiles.main - INFO - 1 change detected
2025-10-12 20:22:11,566 - watchfiles.main - INFO - 1 change detected
2025-10-12 20:22:11,917 - watchfiles.main - INFO - 1 change detected
2025-10-12 20:22:12,268 - watchfiles.main - INFO - 1 change detected
2025-10-12 20:22:12,619 - watchfiles.main - INFO - 1 change detected
2025-10-12 20:22:12,970 - watchfiles.main - INFO - 1 change detected
2025-10-12 20:22:13,321 - watchfiles.main - INFO - 1 change detected
2025-10-12 20:22:13,672 - watchfiles.main - INFO - 1 change detected
2025-10-12 20:22:14,023 - watchfiles.main - INFO - 1 change detected
2025-10-12 20:22:14,374 - watchfiles.main - INFO - 1 change detected
2025-10-12 20:22:14,725 - watchfiles.main - INFO - 1 change detected
2025-10-12 20:22:15,076 - watchfiles.main - INFO - 1 change detected
2025-10-12 20:22:15,427 - watchfiles.main - INFO - 1 change detected
2025-10-12 20:22:15,778 - watchfiles.main - INFO - 1 change detected
2025-10-12 20:22:16,129 - watchfiles.main - INFO - 1 change detected
2025-10-12 20:22:16,480 - watchfiles.main - INFO - 1 change detected
2025-10-12 20:22:16,832 - watchfiles.main - INFO - 1 change detected
2025-10-12 20:22:17,183 - watchfiles.main - INFO - 1 change detected
2025-10-12 20:22:17,534 - watchfiles.main - INFO - 1 change detected
2025-10-12 20:22:17,885 - watchfiles.main - INFO - 1 change detected
2025-10-12 20:22:18,236 - watchfiles.main - INFO - 1 change detected
2025-10-12 20:22:18,587 - watchfiles.main - INFO - 1 change detected
2025-10-12 20:22:18,937 - watchfiles.main - INFO - 1 change detected
2025-10-12 20:22:19,288 - watchfiles.main - INFO - 1 change detected
2025-10-12 20:22:19,640 - watchfiles.main - INFO - 1 change detected
2025-10-12 20:22:19,991 - watchfiles.main - INFO - 1 change detected
2025-10-12 20:22:20,342 - watchfiles.main - INFO - 1 change detected
2025-10-12 20:22:20,693 - watchfiles.main - INFO - 1 change detected
2025-10-12 20:22:21,045 - watchfiles.main - INFO - 1 change detected
2025-10-12 20:22:21,396 - watchfiles.main - INFO - 1 change detected
2025-10-12 20:22:21,747 - watchfiles.main - INFO - 1 change detected
2025-10-12 20:22:22,097 - watchfiles.main - INFO - 1 change detected
2025-10-12 20:22:22,449 - watchfiles.main - INFO - 1 change detected
2025-10-12 20:22:22,800 - watchfiles.main - INFO - 1 change detected
2025-10-12 20:22:23,151 - watchfiles.main - INFO - 1 change detected
2025-10-12 20:22:23,501 - watchfiles.main - INFO - 1 change detected
2025-10-12 20:22:23,852 - watchfiles.main - INFO - 1 change detected
2025-10-12 20:22:24,203 - watchfiles.main - INFO - 1 change detected
2025-10-12 20:22:24,554 - watchfiles.main - INFO - 1 change detected
2025-10-12 20:22:24,905 - watchfiles.main - INFO - 1 change detected
2025-10-12 20:22:25,255 - watchfiles.main - INFO - 1 change detected
2025-10-12 20:22:25,606 - watchfiles.main - INFO - 1 change detected
2025-10-12 20:22:25,957 - watchfiles.main - INFO - 1 change detected
2025-10-12 20:22:26,308 - watchfiles.main - INFO - 1 change detected
2025-10-12 20:22:26,660 - watchfiles.main - INFO - 1 change detected
2025-10-12 20:22:27,011 - watchfiles.main - INFO - 1 change detected
2025-10-12 20:22:27,361 - watchfiles.main - INFO - 1 change detected
2025-10-12 20:22:27,714 - watchfiles.main - INFO - 1 change detected
2025-10-12 20:22:28,065 - watchfiles.main - INFO - 1 change detected
2025-10-12 20:22:28,416 - watchfiles.main - INFO - 1 change detected
2025-10-12 20:22:28,767 - watchfiles.main - INFO - 1 change detected
2025-10-12 20:22:29,118 - watchfiles.main - INFO - 1 change detected
2025-10-12 20:22:29,468 - watchfiles.main - INFO - 1 change detected
2025-10-12 20:22:29,819 - watchfiles.main - INFO - 1 change detected
2025-10-12 20:22:30,170 - watchfiles.main - INFO - 1 change detected
2025-10-12 20:22:30,521 - watchfiles.main - INFO - 1 change detected
2025-10-12 20:22:30,872 - watchfiles.main - INFO - 1 change detected
2025-10-12 20:22:31,223 - watchfiles.main - INFO - 1 change detected
2025-10-12 20:22:31,574 - watchfiles.main - INFO - 1 change detected
2025-10-12 20:22:31,925 - watchfiles.main - INFO - 1 change detected
2025-10-12 20:22:32,276 - watchfiles.main - INFO - 1 change detected
2025-10-12 20:22:32,627 - watchfiles.main - INFO - 1 change detected
2025-10-12 20:22:32,978 - watchfiles.main - INFO - 1 change detected
2025-10-12 20:22:33,329 - watchfiles.main - INFO - 1 change detected
2025-10-12 20:22:33,680 - watchfiles.main - INFO - 1 change detected
2025-10-12 20:22:34,031 - watchfiles.main - INFO - 1 change detected
2025-10-12 20:22:34,381 - watchfiles.main - INFO - 1 change detected
2025-10-12 20:22:34,732 - watchfiles.main - INFO - 1 change detected
2025-10-12 20:22:35,083 - watchfiles.main - INFO - 1 change detected
2025-10-12 20:22:35,434 - watchfiles.main - INFO - 1 change detected
2025-10-12 20:22:35,784 - watchfiles.main - INFO - 1 change detected
2025-10-12 20:22:36,136 - watchfiles.main - INFO - 1 change detected
2025-10-12 20:22:36,487 - watchfiles.main - INFO - 1 change detected
2025-10-12 20:22:36,838 - watchfiles.main - INFO - 1 change detected
2025-10-12 20:22:37,189 - watchfiles.main - INFO - 1 change detected
2025-10-12 20:22:37,541 - watchfiles.main - INFO - 1 change detected
2025-10-12 20:22:37,892 - watchfiles.main - INFO - 1 change detected
2025-10-12 20:22:38,244 - watchfiles.main - INFO - 1 change detected
2025-10-12 20:22:38,595 - watchfiles.main - INFO - 1 change detected
2025-10-12 20:22:38,946 - watchfiles.main - INFO - 1 change detected
2025-10-12 20:22:39,298 - watchfiles.main - INFO - 1 change detected
2025-10-12 20:22:39,650 - watchfiles.main - INFO - 1 change detected
2025-10-12 20:22:40,001 - watchfiles.main - INFO - 1 change detected
2025-10-12 20:22:40,352 - watchfiles.main - INFO - 1 change detected
2025-10-12 20:22:40,705 - watchfiles.main - INFO - 1 change detected
2025-10-12 20:22:41,056 - watchfiles.main - INFO - 1 change detected
2025-10-12 20:22:41,408 - watchfiles.main - INFO - 1 change detected
2025-10-12 20:22:41,760 - watchfiles.main - INFO - 1 change detected
2025-10-12 20:22:42,112 - watchfiles.main - INFO - 1 change detected
2025-10-12 20:22:42,463 - watchfiles.main - INFO - 1 change detected
2025-10-12 20:22:42,815 - watchfiles.main - INFO - 1 change detected
2025-10-12 20:22:43,166 - watchfiles.main - INFO - 1 change detected
2025-10-12 20:22:43,518 - watchfiles.main - INFO - 1 change detected
2025-10-12 20:22:43,870 - watchfiles.main - INFO - 1 change detected
2025-10-12 20:22:44,222 - watchfiles.main - INFO - 1 change detected
2025-10-12 20:22:44,573 - watchfiles.main - INFO - 1 change detected
2025-10-12 20:22:44,926 - watchfiles.main - INFO - 1 change detected
2025-10-12 20:22:45,277 - watchfiles.main - INFO - 1 change detected
2025-10-12 20:22:45,629 - watchfiles.main - INFO - 1 change detected
2025-10-12 20:22:45,980 - watchfiles.main - INFO - 1 change detected
2025-10-12 20:22:46,332 - watchfiles.main - INFO - 1 change detected
2025-10-12 20:22:46,683 - watchfiles.main - INFO - 1 change detected
2025-10-12 20:22:47,035 - watchfiles.main - INFO - 1 change detected
2025-10-12 20:22:47,386 - watchfiles.main - INFO - 1 change detected
2025-10-12 20:22:47,738 - watchfiles.main - INFO - 1 change detected
2025-10-12 20:22:48,090 - watchfiles.main - INFO - 1 change detected
2025-10-12 20:22:48,442 - watchfiles.main - INFO - 1 change detected
2025-10-12 20:22:48,793 - watchfiles.main - INFO - 1 change detected
2025-10-12 20:22:49,145 - watchfiles.main - INFO - 1 change detected
2025-10-12 20:22:49,496 - watchfiles.main - INFO - 1 change detected
2025-10-12 20:22:49,848 - watchfiles.main - INFO - 1 change detected
2025-10-12 20:22:50,200 - watchfiles.main - INFO - 1 change detected
2025-10-12 20:22:50,551 - watchfiles.main - INFO - 1 change detected
2025-10-12 20:22:50,903 - watchfiles.main - INFO - 1 change detected
2025-10-12 20:22:51,254 - watchfiles.main - INFO - 1 change detected
2025-10-12 20:22:51,606 - watchfiles.main - INFO - 1 change detected
2025-10-12 20:22:51,958 - watchfiles.main - INFO - 1 change detected
2025-10-12 20:22:52,309 - watchfiles.main - INFO - 1 change detected
2025-10-12 20:22:52,661 - watchfiles.main - INFO - 1 change detected
2025-10-12 20:22:53,013 - watchfiles.main - INFO - 1 change detected
2025-10-12 20:22:53,365 - watchfiles.main - INFO - 1 change detected
2025-10-12 20:22:53,717 - watchfiles.main - INFO - 1 change detected
2025-10-12 20:22:54,068 - watchfiles.main - INFO - 1 change detected
2025-10-12 20:22:54,420 - watchfiles.main - INFO - 1 change detected
2025-10-12 20:22:54,771 - watchfiles.main - INFO - 1 change detected
2025-10-12 20:22:55,122 - watchfiles.main - INFO - 1 change detected
2025-10-12 20:22:55,473 - watchfiles.main - INFO - 1 change detected
2025-10-12 20:22:55,826 - watchfiles.main - INFO - 1 change detected
2025-10-12 20:22:56,177 - watchfiles.main - INFO - 1 change detected
2025-10-12 20:22:56,529 - watchfiles.main - INFO - 1 change detected
2025-10-12 20:22:56,880 - watchfiles.main - INFO - 1 change detected
2025-10-12 20:22:57,232 - watchfiles.main - INFO - 1 change detected
2025-10-12 20:22:57,583 - watchfiles.main - INFO - 1 change detected
2025-10-12 20:22:57,935 - watchfiles.main - INFO - 1 change detected
2025-10-12 20:22:58,286 - watchfiles.main - INFO - 1 change detected
2025-10-12 20:22:58,638 - watchfiles.main - INFO - 1 change detected
2025-10-12 20:22:58,990 - watchfiles.main - INFO - 1 change detected
2025-10-12 20:22:59,341 - watchfiles.main - INFO - 1 change detected
2025-10-12 20:22:59,693 - watchfiles.main - INFO - 1 change detected
2025-10-12 20:23:00,045 - watchfiles.main - INFO - 1 change detected
2025-10-12 20:23:00,396 - watchfiles.main - INFO - 1 change detected
2025-10-12 20:23:00,747 - watchfiles.main - INFO - 1 change detected
2025-10-12 20:23:01,098 - watchfiles.main - INFO - 1 change detected
2025-10-12 20:23:01,450 - watchfiles.main - INFO - 1 change detected
2025-10-12 20:23:01,801 - watchfiles.main - INFO - 1 change detected
2025-10-12 20:23:02,153 - watchfiles.main - INFO - 1 change detected
2025-10-12 20:23:02,504 - watchfiles.main - INFO - 1 change detected
2025-10-12 20:23:02,856 - watchfiles.main - INFO - 1 change detected
2025-10-12 20:23:03,208 - watchfiles.main - INFO - 1 change detected
2025-10-12 20:23:03,559 - watchfiles.main - INFO - 1 change detected
2025-10-12 20:23:03,911 - watchfiles.main - INFO - 1 change detected
2025-10-12 20:23:04,263 - watchfiles.main - INFO - 1 change detected
2025-10-12 20:23:04,614 - watchfiles.main - INFO - 1 change detected
2025-10-12 20:23:04,965 - watchfiles.main - INFO - 1 change detected
2025-10-12 20:23:05,318 - watchfiles.main - INFO - 1 change detected
2025-10-12 20:23:05,669 - watchfiles.main - INFO - 1 change detected
2025-10-12 20:23:06,028 - watchfiles.main - INFO - 1 change detected
2025-10-12 20:23:06,379 - watchfiles.main - INFO - 1 change detected
2025-10-12 20:23:06,730 - watchfiles.main - INFO - 1 change detected
2025-10-12 20:23:07,083 - watchfiles.main - INFO - 1 change detected
2025-10-12 20:23:07,434 - watchfiles.main - INFO - 1 change detected
2025-10-12 20:23:07,786 - watchfiles.main - INFO - 1 change detected
2025-10-12 20:23:08,138 - watchfiles.main - INFO - 1 change detected
2025-10-12 20:23:08,489 - watchfiles.main - INFO - 1 change detected
2025-10-12 20:23:08,840 - watchfiles.main - INFO - 1 change detected
2025-10-12 20:23:09,191 - watchfiles.main - INFO - 1 change detected
2025-10-12 20:23:09,542 - watchfiles.main - INFO - 1 change detected
2025-10-12 20:23:09,894 - watchfiles.main - INFO - 1 change detected
2025-10-12 20:23:10,245 - watchfiles.main - INFO - 1 change detected
2025-10-12 20:23:10,597 - watchfiles.main - INFO - 1 change detected
2025-10-12 20:23:10,947 - watchfiles.main - INFO - 1 change detected
2025-10-12 20:23:11,299 - watchfiles.main - INFO - 1 change detected
2025-10-12 20:23:11,650 - watchfiles.main - INFO - 1 change detected
2025-10-12 20:23:12,002 - watchfiles.main - INFO - 1 change detected
2025-10-12 20:23:12,354 - watchfiles.main - INFO - 1 change detected
2025-10-12 20:23:12,705 - watchfiles.main - INFO - 1 change detected
2025-10-12 20:23:13,056 - watchfiles.main - INFO - 1 change detected
2025-10-12 20:23:13,408 - watchfiles.main - INFO - 1 change detected
2025-10-12 20:23:13,760 - watchfiles.main - INFO - 1 change detected
2025-10-12 20:23:14,110 - watchfiles.main - INFO - 1 change detected
2025-10-12 20:23:14,462 - watchfiles.main - INFO - 1 change detected
2025-10-12 20:23:14,813 - watchfiles.main - INFO - 1 change detected
2025-10-12 20:23:15,165 - watchfiles.main - INFO - 1 change detected
2025-10-12 20:23:15,517 - watchfiles.main - INFO - 1 change detected
2025-10-12 20:23:15,868 - watchfiles.main - INFO - 1 change detected
2025-10-12 20:23:16,219 - watchfiles.main - INFO - 1 change detected
2025-10-12 20:23:16,570 - watchfiles.main - INFO - 1 change detected
2025-10-12 20:23:16,921 - watchfiles.main - INFO - 1 change detected
2025-10-12 20:23:17,272 - watchfiles.main - INFO - 1 change detected
2025-10-12 20:23:17,623 - watchfiles.main - INFO - 1 change detected
2025-10-12 20:23:17,974 - watchfiles.main - INFO - 1 change detected
2025-10-12 20:23:18,324 - watchfiles.main - INFO - 1 change detected
2025-10-12 20:23:18,675 - watchfiles.main - INFO - 1 change detected
2025-10-12 20:23:19,026 - watchfiles.main - INFO - 1 change detected
2025-10-12 20:23:19,377 - watchfiles.main - INFO - 1 change detected
2025-10-12 20:23:19,728 - watchfiles.main - INFO - 1 change detected
2025-10-12 20:23:20,080 - watchfiles.main - INFO - 1 change detected
2025-10-12 20:23:20,431 - watchfiles.main - INFO - 1 change detected
2025-10-12 20:23:20,785 - watchfiles.main - INFO - 1 change detected
2025-10-12 20:23:21,135 - watchfiles.main - INFO - 1 change detected
2025-10-12 20:23:21,488 - watchfiles.main - INFO - 1 change detected
2025-10-12 20:23:21,839 - watchfiles.main - INFO - 1 change detected
2025-10-12 20:23:22,191 - watchfiles.main - INFO - 1 change detected
2025-10-12 20:23:22,542 - watchfiles.main - INFO - 1 change detected
2025-10-12 20:23:22,893 - watchfiles.main - INFO - 1 change detected
2025-10-12 20:23:23,246 - watchfiles.main - INFO - 1 change detected
2025-10-12 20:23:23,597 - watchfiles.main - INFO - 1 change detected
2025-10-12 20:23:23,948 - watchfiles.main - INFO - 1 change detected
2025-10-12 20:23:24,299 - watchfiles.main - INFO - 1 change detected
2025-10-12 20:23:24,651 - watchfiles.main - INFO - 1 change detected
2025-10-12 20:23:25,002 - watchfiles.main - INFO - 1 change detected
2025-10-12 20:23:25,353 - watchfiles.main - INFO - 1 change detected
2025-10-12 20:23:25,704 - watchfiles.main - INFO - 1 change detected
2025-10-12 20:23:26,055 - watchfiles.main - INFO - 1 change detected
2025-10-12 20:23:26,406 - watchfiles.main - INFO - 1 change detected
2025-10-12 20:23:26,758 - watchfiles.main - INFO - 1 change detected
2025-10-12 20:23:27,110 - watchfiles.main - INFO - 1 change detected
2025-10-12 20:23:27,462 - watchfiles.main - INFO - 1 change detected
2025-10-12 20:23:27,813 - watchfiles.main - INFO - 1 change detected
2025-10-12 20:23:28,165 - watchfiles.main - INFO - 1 change detected
2025-10-12 20:23:28,516 - watchfiles.main - INFO - 1 change detected
2025-10-12 20:23:28,868 - watchfiles.main - INFO - 1 change detected
2025-10-12 20:23:29,221 - watchfiles.main - INFO - 1 change detected
2025-10-12 20:23:29,572 - watchfiles.main - INFO - 1 change detected
2025-10-12 20:23:29,924 - watchfiles.main - INFO - 1 change detected
2025-10-12 20:23:30,275 - watchfiles.main - INFO - 1 change detected
2025-10-12 20:23:30,627 - watchfiles.main - INFO - 1 change detected
2025-10-12 20:23:30,980 - watchfiles.main - INFO - 1 change detected
2025-10-12 20:23:31,332 - watchfiles.main - INFO - 1 change detected
2025-10-12 20:23:31,684 - watchfiles.main - INFO - 1 change detected
2025-10-12 20:23:32,035 - watchfiles.main - INFO - 1 change detected
2025-10-12 20:23:32,387 - watchfiles.main - INFO - 1 change detected
2025-10-12 20:23:32,738 - watchfiles.main - INFO - 1 change detected
2025-10-12 20:23:33,090 - watchfiles.main - INFO - 1 change detected
2025-10-12 20:23:33,442 - watchfiles.main - INFO - 1 change detected
2025-10-12 20:23:33,793 - watchfiles.main - INFO - 1 change detected
2025-10-12 20:23:34,144 - watchfiles.main - INFO - 1 change detected
2025-10-12 20:23:34,496 - watchfiles.main - INFO - 1 change detected
2025-10-12 20:23:34,847 - watchfiles.main - INFO - 1 change detected
2025-10-12 20:23:35,199 - watchfiles.main - INFO - 1 change detected
2025-10-12 20:23:35,550 - watchfiles.main - INFO - 1 change detected
2025-10-12 20:23:35,902 - watchfiles.main - INFO - 1 change detected
2025-10-12 20:23:36,253 - watchfiles.main - INFO - 1 change detected
2025-10-12 20:23:36,605 - watchfiles.main - INFO - 1 change detected
2025-10-12 20:23:36,956 - watchfiles.main - INFO - 1 change detected
2025-10-12 20:23:37,308 - watchfiles.main - INFO - 1 change detected
2025-10-12 20:23:37,659 - watchfiles.main - INFO - 1 change detected
2025-10-12 20:23:38,011 - watchfiles.main - INFO - 1 change detected
2025-10-12 20:23:38,363 - watchfiles.main - INFO - 1 change detected
2025-10-12 20:23:38,714 - watchfiles.main - INFO - 1 change detected
2025-10-12 20:23:39,065 - watchfiles.main - INFO - 1 change detected
2025-10-12 20:23:39,417 - watchfiles.main - INFO - 1 change detected
2025-10-12 20:23:39,768 - watchfiles.main - INFO - 1 change detected
2025-10-12 20:23:40,120 - watchfiles.main - INFO - 1 change detected
2025-10-12 20:23:40,472 - watchfiles.main - INFO - 1 change detected
2025-10-12 20:23:40,823 - watchfiles.main - INFO - 1 change detected
2025-10-12 20:23:41,174 - watchfiles.main - INFO - 1 change detected
2025-10-12 20:23:41,526 - watchfiles.main - INFO - 1 change detected
2025-10-12 20:23:41,878 - watchfiles.main - INFO - 1 change detected
2025-10-12 20:23:42,230 - watchfiles.main - INFO - 1 change detected
2025-10-12 20:23:42,582 - watchfiles.main - INFO - 1 change detected
2025-10-12 20:23:42,934 - watchfiles.main - INFO - 1 change detected
2025-10-12 20:23:43,285 - watchfiles.main - INFO - 1 change detected
2025-10-12 20:23:43,637 - watchfiles.main - INFO - 1 change detected
2025-10-12 20:23:43,988 - watchfiles.main - INFO - 1 change detected
2025-10-12 20:23:44,339 - watchfiles.main - INFO - 1 change detected
2025-10-12 20:23:44,691 - watchfiles.main - INFO - 1 change detected
2025-10-12 20:23:45,042 - watchfiles.main - INFO - 1 change detected
2025-10-12 20:23:45,393 - watchfiles.main - INFO - 1 change detected
2025-10-12 20:23:45,746 - watchfiles.main - INFO - 1 change detected
2025-10-12 20:23:46,097 - watchfiles.main - INFO - 1 change detected
2025-10-12 20:23:46,449 - watchfiles.main - INFO - 1 change detected
2025-10-12 20:23:46,800 - watchfiles.main - INFO - 1 change detected
2025-10-12 20:23:47,152 - watchfiles.main - INFO - 1 change detected
2025-10-12 20:23:47,503 - watchfiles.main - INFO - 1 change detected
2025-10-12 20:23:47,856 - watchfiles.main - INFO - 1 change detected
2025-10-12 20:23:48,208 - watchfiles.main - INFO - 1 change detected
2025-10-12 20:23:48,559 - watchfiles.main - INFO - 1 change detected
2025-10-12 20:23:48,910 - watchfiles.main - INFO - 1 change detected
2025-10-12 20:23:49,262 - watchfiles.main - INFO - 1 change detected
2025-10-12 20:23:49,614 - watchfiles.main - INFO - 1 change detected
2025-10-12 20:23:49,965 - watchfiles.main - INFO - 1 change detected
2025-10-12 20:23:50,317 - watchfiles.main - INFO - 1 change detected
2025-10-12 20:23:50,669 - watchfiles.main - INFO - 1 change detected
2025-10-12 20:23:51,021 - watchfiles.main - INFO - 1 change detected
2025-10-12 20:23:51,372 - watchfiles.main - INFO - 1 change detected
2025-10-12 20:23:51,724 - watchfiles.main - INFO - 1 change detected
2025-10-12 20:23:52,075 - watchfiles.main - INFO - 1 change detected
2025-10-12 20:23:52,428 - watchfiles.main - INFO - 1 change detected
2025-10-12 20:23:52,779 - watchfiles.main - INFO - 1 change detected
2025-10-12 20:23:53,132 - watchfiles.main - INFO - 1 change detected
2025-10-12 20:23:53,484 - watchfiles.main - INFO - 1 change detected
2025-10-12 20:23:53,836 - watchfiles.main - INFO - 1 change detected
2025-10-12 20:23:54,187 - watchfiles.main - INFO - 1 change detected
2025-10-12 20:23:54,539 - watchfiles.main - INFO - 1 change detected
2025-10-12 20:23:54,890 - watchfiles.main - INFO - 1 change detected
2025-10-12 20:23:55,242 - watchfiles.main - INFO - 1 change detected
2025-10-12 20:23:55,593 - watchfiles.main - INFO - 1 change detected
2025-10-12 20:23:55,944 - watchfiles.main - INFO - 1 change detected
2025-10-12 20:23:56,296 - watchfiles.main - INFO - 1 change detected
2025-10-12 20:23:56,648 - watchfiles.main - INFO - 1 change detected
2025-10-12 20:23:56,999 - watchfiles.main - INFO - 1 change detected
2025-10-12 20:23:57,351 - watchfiles.main - INFO - 1 change detected
2025-10-12 20:23:57,703 - watchfiles.main - INFO - 1 change detected
2025-10-12 20:23:58,055 - watchfiles.main - INFO - 1 change detected
2025-10-12 20:23:58,407 - watchfiles.main - INFO - 1 change detected
2025-10-12 20:23:58,758 - watchfiles.main - INFO - 1 change detected
2025-10-12 20:23:59,110 - watchfiles.main - INFO - 1 change detected
2025-10-12 20:23:59,462 - watchfiles.main - INFO - 1 change detected
2025-10-12 20:23:59,814 - watchfiles.main - INFO - 1 change detected
2025-10-12 20:24:00,166 - watchfiles.main - INFO - 1 change detected
2025-10-12 20:24:00,517 - watchfiles.main - INFO - 1 change detected
2025-10-12 20:24:00,869 - watchfiles.main - INFO - 1 change detected
2025-10-12 20:24:01,221 - watchfiles.main - INFO - 1 change detected
2025-10-12 20:24:01,573 - watchfiles.main - INFO - 1 change detected
2025-10-12 20:24:01,925 - watchfiles.main - INFO - 1 change detected
2025-10-12 20:24:02,276 - watchfiles.main - INFO - 1 change detected
2025-10-12 20:24:02,627 - watchfiles.main - INFO - 1 change detected
2025-10-12 20:24:02,978 - watchfiles.main - INFO - 1 change detected
2025-10-12 20:24:03,330 - watchfiles.main - INFO - 1 change detected
2025-10-12 20:24:03,681 - watchfiles.main - INFO - 1 change detected
2025-10-12 20:24:04,034 - watchfiles.main - INFO - 1 change detected
2025-10-12 20:24:04,385 - watchfiles.main - INFO - 1 change detected
2025-10-12 20:24:04,737 - watchfiles.main - INFO - 1 change detected
2025-10-12 20:24:05,088 - watchfiles.main - INFO - 1 change detected
2025-10-12 20:24:05,439 - watchfiles.main - INFO - 1 change detected
2025-10-12 20:24:05,790 - watchfiles.main - INFO - 1 change detected
2025-10-12 20:24:06,141 - watchfiles.main - INFO - 1 change detected
2025-10-12 20:24:06,491 - watchfiles.main - INFO - 1 change detected
2025-10-12 20:24:06,842 - watchfiles.main - INFO - 1 change detected
2025-10-12 20:24:07,193 - watchfiles.main - INFO - 1 change detected
2025-10-12 20:24:07,544 - watchfiles.main - INFO - 1 change detected
2025-10-12 20:24:07,895 - watchfiles.main - INFO - 1 change detected
2025-10-12 20:24:08,247 - watchfiles.main - INFO - 1 change detected
2025-10-12 20:24:08,599 - watchfiles.main - INFO - 1 change detected
2025-10-12 20:24:08,950 - watchfiles.main - INFO - 1 change detected
2025-10-12 20:24:09,301 - watchfiles.main - INFO - 1 change detected
2025-10-12 20:24:09,652 - watchfiles.main - INFO - 1 change detected
2025-10-12 20:24:10,003 - watchfiles.main - INFO - 1 change detected
2025-10-12 20:24:10,354 - watchfiles.main - INFO - 1 change detected
2025-10-12 20:24:10,706 - watchfiles.main - INFO - 1 change detected
2025-10-12 20:24:11,059 - watchfiles.main - INFO - 1 change detected
2025-10-12 20:24:11,410 - watchfiles.main - INFO - 1 change detected
2025-10-12 20:24:11,761 - watchfiles.main - INFO - 1 change detected
2025-10-12 20:24:12,112 - watchfiles.main - INFO - 1 change detected
2025-10-12 20:24:12,463 - watchfiles.main - INFO - 1 change detected
2025-10-12 20:24:12,815 - watchfiles.main - INFO - 1 change detected
2025-10-12 20:24:13,166 - watchfiles.main - INFO - 1 change detected
2025-10-12 20:24:13,517 - watchfiles.main - INFO - 1 change detected
2025-10-12 20:24:13,868 - watchfiles.main - INFO - 1 change detected
2025-10-12 20:24:14,221 - watchfiles.main - INFO - 1 change detected
2025-10-12 20:24:14,572 - watchfiles.main - INFO - 1 change detected
2025-10-12 20:24:14,923 - watchfiles.main - INFO - 1 change detected
2025-10-12 20:24:15,275 - watchfiles.main - INFO - 1 change detected
2025-10-12 20:24:15,626 - watchfiles.main - INFO - 1 change detected
2025-10-12 20:24:15,978 - watchfiles.main - INFO - 1 change detected
2025-10-12 20:24:16,329 - watchfiles.main - INFO - 1 change detected
2025-10-12 20:24:16,680 - watchfiles.main - INFO - 1 change detected
2025-10-12 20:24:17,032 - watchfiles.main - INFO - 1 change detected
2025-10-12 20:24:17,383 - watchfiles.main - INFO - 1 change detected
2025-10-12 20:24:17,735 - watchfiles.main - INFO - 1 change detected
2025-10-12 20:24:18,087 - watchfiles.main - INFO - 1 change detected
2025-10-12 20:24:18,439 - watchfiles.main - INFO - 1 change detected
2025-10-12 20:24:18,790 - watchfiles.main - INFO - 1 change detected
2025-10-12 20:24:19,141 - watchfiles.main - INFO - 1 change detected
2025-10-12 20:24:19,492 - watchfiles.main - INFO - 1 change detected
2025-10-12 20:24:19,844 - watchfiles.main - INFO - 1 change detected
2025-10-12 20:24:20,195 - watchfiles.main - INFO - 1 change detected
2025-10-12 20:24:20,547 - watchfiles.main - INFO - 1 change detected
2025-10-12 20:24:20,898 - watchfiles.main - INFO - 1 change detected
2025-10-12 20:24:21,250 - watchfiles.main - INFO - 1 change detected
2025-10-12 20:24:21,602 - watchfiles.main - INFO - 1 change detected
2025-10-12 20:24:21,954 - watchfiles.main - INFO - 1 change detected
2025-10-12 20:24:22,305 - watchfiles.main - INFO - 1 change detected
2025-10-12 20:24:22,658 - watchfiles.main - INFO - 1 change detected
2025-10-12 20:24:23,009 - watchfiles.main - INFO - 1 change detected
2025-10-12 20:24:23,360 - watchfiles.main - INFO - 1 change detected
2025-10-12 20:24:23,711 - watchfiles.main - INFO - 1 change detected
2025-10-12 20:24:24,063 - watchfiles.main - INFO - 1 change detected
2025-10-12 20:24:24,414 - watchfiles.main - INFO - 1 change detected
2025-10-12 20:24:24,766 - watchfiles.main - INFO - 1 change detected
2025-10-12 20:24:25,117 - watchfiles.main - INFO - 1 change detected
2025-10-12 20:24:25,470 - watchfiles.main - INFO - 1 change detected
2025-10-12 20:24:25,821 - watchfiles.main - INFO - 1 change detected
2025-10-12 20:24:26,172 - watchfiles.main - INFO - 1 change detected
2025-10-12 20:24:26,524 - watchfiles.main - INFO - 1 change detected
2025-10-12 20:24:26,875 - watchfiles.main - INFO - 1 change detected
2025-10-12 20:24:27,227 - watchfiles.main - INFO - 1 change detected
2025-10-12 20:24:27,579 - watchfiles.main - INFO - 1 change detected
2025-10-12 20:24:27,931 - watchfiles.main - INFO - 1 change detected
2025-10-12 20:24:28,282 - watchfiles.main - INFO - 1 change detected
2025-10-12 20:24:28,633 - watchfiles.main - INFO - 1 change detected
2025-10-12 20:24:28,984 - watchfiles.main - INFO - 1 change detected
2025-10-12 20:24:29,336 - watchfiles.main - INFO - 1 change detected
2025-10-12 20:24:29,687 - watchfiles.main - INFO - 1 change detected
2025-10-12 20:24:30,039 - watchfiles.main - INFO - 1 change detected
2025-10-12 20:24:30,391 - watchfiles.main - INFO - 1 change detected
2025-10-12 20:24:30,742 - watchfiles.main - INFO - 1 change detected
2025-10-12 20:24:31,093 - watchfiles.main - INFO - 1 change detected
2025-10-12 20:24:31,445 - watchfiles.main - INFO - 1 change detected
2025-10-12 20:24:31,796 - watchfiles.main - INFO - 1 change detected
2025-10-12 20:24:32,148 - watchfiles.main - INFO - 1 change detected
2025-10-12 20:24:32,499 - watchfiles.main - INFO - 1 change detected
2025-10-12 20:24:32,850 - watchfiles.main - INFO - 1 change detected
2025-10-12 20:24:33,202 - watchfiles.main - INFO - 1 change detected
2025-10-12 20:24:33,554 - watchfiles.main - INFO - 1 change detected
2025-10-12 20:24:33,905 - watchfiles.main - INFO - 1 change detected
2025-10-12 20:24:34,256 - watchfiles.main - INFO - 1 change detected
2025-10-12 20:24:34,607 - watchfiles.main - INFO - 1 change detected
2025-10-12 20:24:34,958 - watchfiles.main - INFO - 1 change detected
2025-10-12 20:24:35,310 - watchfiles.main - INFO - 1 change detected
2025-10-12 20:24:35,662 - watchfiles.main - INFO - 1 change detected
2025-10-12 20:24:36,014 - watchfiles.main - INFO - 1 change detected
2025-10-12 20:24:36,365 - watchfiles.main - INFO - 1 change detected
2025-10-12 20:24:36,716 - watchfiles.main - INFO - 1 change detected
2025-10-12 20:24:37,068 - watchfiles.main - INFO - 1 change detected
2025-10-12 20:24:37,419 - watchfiles.main - INFO - 1 change detected
2025-10-12 20:24:37,770 - watchfiles.main - INFO - 1 change detected
2025-10-12 20:24:38,121 - watchfiles.main - INFO - 1 change detected
2025-10-12 20:24:38,473 - watchfiles.main - INFO - 1 change detected
2025-10-12 20:24:38,824 - watchfiles.main - INFO - 1 change detected
2025-10-12 20:24:39,176 - watchfiles.main - INFO - 1 change detected
2025-10-12 20:24:39,527 - watchfiles.main - INFO - 1 change detected
2025-10-12 20:24:39,879 - watchfiles.main - INFO - 1 change detected
2025-10-12 20:24:40,230 - watchfiles.main - INFO - 1 change detected
2025-10-12 20:24:40,582 - watchfiles.main - INFO - 1 change detected
2025-10-12 20:24:40,933 - watchfiles.main - INFO - 1 change detected
2025-10-12 20:24:41,285 - watchfiles.main - INFO - 1 change detected
2025-10-12 20:24:41,636 - watchfiles.main - INFO - 1 change detected
2025-10-12 20:24:41,988 - watchfiles.main - INFO - 1 change detected
2025-10-12 20:24:42,340 - watchfiles.main - INFO - 1 change detected
2025-10-12 20:24:42,691 - watchfiles.main - INFO - 1 change detected
2025-10-12 20:24:43,042 - watchfiles.main - INFO - 1 change detected
2025-10-12 20:24:43,394 - watchfiles.main - INFO - 1 change detected
2025-10-12 20:24:43,745 - watchfiles.main - INFO - 1 change detected
2025-10-12 20:24:44,096 - watchfiles.main - INFO - 1 change detected
2025-10-12 20:24:44,447 - watchfiles.main - INFO - 1 change detected
2025-10-12 20:24:44,800 - watchfiles.main - INFO - 1 change detected
2025-10-12 20:24:45,150 - watchfiles.main - INFO - 1 change detected
2025-10-12 20:24:45,502 - watchfiles.main - INFO - 1 change detected
2025-10-12 20:24:45,854 - watchfiles.main - INFO - 1 change detected
2025-10-12 20:24:46,206 - watchfiles.main - INFO - 1 change detected
2025-10-12 20:24:46,558 - watchfiles.main - INFO - 1 change detected
2025-10-12 20:24:46,910 - watchfiles.main - INFO - 1 change detected
2025-10-12 20:24:47,262 - watchfiles.main - INFO - 1 change detected
2025-10-12 20:24:47,614 - watchfiles.main - INFO - 1 change detected
2025-10-12 20:24:47,966 - watchfiles.main - INFO - 1 change detected
2025-10-12 20:24:48,317 - watchfiles.main - INFO - 1 change detected
2025-10-12 20:24:48,669 - watchfiles.main - INFO - 1 change detected
2025-10-12 20:24:49,021 - watchfiles.main - INFO - 1 change detected
2025-10-12 20:24:49,373 - watchfiles.main - INFO - 1 change detected
2025-10-12 20:24:49,724 - watchfiles.main - INFO - 1 change detected
2025-10-12 20:24:50,075 - watchfiles.main - INFO - 1 change detected
2025-10-12 20:24:50,427 - watchfiles.main - INFO - 1 change detected
2025-10-12 20:24:50,779 - watchfiles.main - INFO - 1 change detected
2025-10-12 20:24:51,131 - watchfiles.main - INFO - 1 change detected
2025-10-12 20:24:51,483 - watchfiles.main - INFO - 1 change detected
2025-10-12 20:24:51,834 - watchfiles.main - INFO - 1 change detected
2025-10-12 20:24:52,186 - watchfiles.main - INFO - 1 change detected
2025-10-12 20:24:52,537 - watchfiles.main - INFO - 1 change detected
2025-10-12 20:24:52,889 - watchfiles.main - INFO - 1 change detected
2025-10-12 20:24:53,240 - watchfiles.main - INFO - 1 change detected
2025-10-12 20:24:53,591 - watchfiles.main - INFO - 1 change detected
2025-10-12 20:24:53,943 - watchfiles.main - INFO - 1 change detected
2025-10-12 20:24:54,295 - watchfiles.main - INFO - 1 change detected
2025-10-12 20:24:54,647 - watchfiles.main - INFO - 1 change detected
2025-10-12 20:24:54,998 - watchfiles.main - INFO - 1 change detected
2025-10-12 20:24:55,350 - watchfiles.main - INFO - 1 change detected
2025-10-12 20:24:55,701 - watchfiles.main - INFO - 1 change detected
2025-10-12 20:24:56,052 - watchfiles.main - INFO - 1 change detected
2025-10-12 20:24:56,404 - watchfiles.main - INFO - 1 change detected
2025-10-12 20:24:56,756 - watchfiles.main - INFO - 1 change detected
2025-10-12 20:24:57,108 - watchfiles.main - INFO - 1 change detected
2025-10-12 20:24:57,459 - watchfiles.main - INFO - 1 change detected
2025-10-12 20:24:57,811 - watchfiles.main - INFO - 1 change detected
2025-10-12 20:24:58,162 - watchfiles.main - INFO - 1 change detected
2025-10-12 20:24:58,513 - watchfiles.main - INFO - 1 change detected
2025-10-12 20:24:58,865 - watchfiles.main - INFO - 1 change detected
2025-10-12 20:24:59,216 - watchfiles.main - INFO - 1 change detected
2025-10-12 20:24:59,567 - watchfiles.main - INFO - 1 change detected
2025-10-12 20:24:59,918 - watchfiles.main - INFO - 1 change detected
2025-10-12 20:25:00,270 - watchfiles.main - INFO - 1 change detected
2025-10-12 20:25:00,621 - watchfiles.main - INFO - 1 change detected
2025-10-12 20:25:00,973 - watchfiles.main - INFO - 1 change detected
2025-10-12 20:25:01,324 - watchfiles.main - INFO - 1 change detected
2025-10-12 20:25:01,676 - watchfiles.main - INFO - 1 change detected
2025-10-12 20:25:02,028 - watchfiles.main - INFO - 1 change detected
2025-10-12 20:25:02,379 - watchfiles.main - INFO - 1 change detected
2025-10-12 20:25:02,731 - watchfiles.main - INFO - 1 change detected
2025-10-12 20:25:03,083 - watchfiles.main - INFO - 1 change detected
2025-10-12 20:25:03,434 - watchfiles.main - INFO - 1 change detected
2025-10-12 20:25:03,786 - watchfiles.main - INFO - 1 change detected
2025-10-12 20:25:04,137 - watchfiles.main - INFO - 1 change detected
2025-10-12 20:25:04,489 - watchfiles.main - INFO - 1 change detected
2025-10-12 20:25:04,841 - watchfiles.main - INFO - 1 change detected
2025-10-12 20:25:05,193 - watchfiles.main - INFO - 1 change detected
2025-10-12 20:25:05,544 - watchfiles.main - INFO - 1 change detected
2025-10-12 20:25:05,895 - watchfiles.main - INFO - 1 change detected
2025-10-12 20:25:06,247 - watchfiles.main - INFO - 1 change detected
2025-10-12 20:25:06,598 - watchfiles.main - INFO - 1 change detected
2025-10-12 20:25:06,949 - watchfiles.main - INFO - 1 change detected
2025-10-12 20:25:07,301 - watchfiles.main - INFO - 1 change detected
2025-10-12 20:25:07,653 - watchfiles.main - INFO - 1 change detected
2025-10-12 20:25:08,004 - watchfiles.main - INFO - 1 change detected
2025-10-12 20:25:08,355 - watchfiles.main - INFO - 1 change detected
2025-10-12 20:25:08,707 - watchfiles.main - INFO - 1 change detected
2025-10-12 20:25:09,058 - watchfiles.main - INFO - 1 change detected
2025-10-12 20:25:09,410 - watchfiles.main - INFO - 1 change detected
2025-10-12 20:25:09,761 - watchfiles.main - INFO - 1 change detected
2025-10-12 20:25:10,112 - watchfiles.main - INFO - 1 change detected
2025-10-12 20:25:10,463 - watchfiles.main - INFO - 1 change detected
2025-10-12 20:25:10,814 - watchfiles.main - INFO - 1 change detected
2025-10-12 20:25:11,166 - watchfiles.main - INFO - 1 change detected
2025-10-12 20:25:11,517 - watchfiles.main - INFO - 1 change detected
2025-10-12 20:25:11,869 - watchfiles.main - INFO - 1 change detected
2025-10-12 20:25:12,221 - watchfiles.main - INFO - 1 change detected
2025-10-12 20:25:12,573 - watchfiles.main - INFO - 1 change detected
2025-10-12 20:25:12,925 - watchfiles.main - INFO - 1 change detected
2025-10-12 20:25:13,277 - watchfiles.main - INFO - 1 change detected
2025-10-12 20:25:13,628 - watchfiles.main - INFO - 1 change detected
2025-10-12 20:25:13,980 - watchfiles.main - INFO - 1 change detected
2025-10-12 20:25:14,332 - watchfiles.main - INFO - 1 change detected
2025-10-12 20:25:14,683 - watchfiles.main - INFO - 1 change detected
2025-10-12 20:25:15,035 - watchfiles.main - INFO - 1 change detected
2025-10-12 20:25:15,387 - watchfiles.main - INFO - 1 change detected
2025-10-12 20:25:15,739 - watchfiles.main - INFO - 1 change detected
2025-10-12 20:25:16,091 - watchfiles.main - INFO - 1 change detected
2025-10-12 20:25:16,443 - watchfiles.main - INFO - 1 change detected
2025-10-12 20:25:16,795 - watchfiles.main - INFO - 1 change detected
2025-10-12 20:25:17,146 - watchfiles.main - INFO - 1 change detected
2025-10-12 20:25:17,497 - watchfiles.main - INFO - 1 change detected
2025-10-12 20:25:17,849 - watchfiles.main - INFO - 1 change detected
2025-10-12 20:25:18,200 - watchfiles.main - INFO - 1 change detected
2025-10-12 20:25:18,552 - watchfiles.main - INFO - 1 change detected
2025-10-12 20:25:18,903 - watchfiles.main - INFO - 1 change detected
2025-10-12 20:25:19,254 - watchfiles.main - INFO - 1 change detected
2025-10-12 20:25:19,605 - watchfiles.main - INFO - 1 change detected
2025-10-12 20:25:19,957 - watchfiles.main - INFO - 1 change detected
2025-10-12 20:25:20,309 - watchfiles.main - INFO - 1 change detected
2025-10-12 20:25:20,661 - watchfiles.main - INFO - 1 change detected
2025-10-12 20:25:21,013 - watchfiles.main - INFO - 1 change detected
2025-10-12 20:25:21,364 - watchfiles.main - INFO - 1 change detected
2025-10-12 20:25:21,715 - watchfiles.main - INFO - 1 change detected
2025-10-12 20:25:22,067 - watchfiles.main - INFO - 1 change detected
2025-10-12 20:25:22,418 - watchfiles.main - INFO - 1 change detected
2025-10-12 20:25:22,770 - watchfiles.main - INFO - 1 change detected
2025-10-12 20:25:23,122 - watchfiles.main - INFO - 1 change detected
2025-10-12 20:25:23,473 - watchfiles.main - INFO - 1 change detected
2025-10-12 20:25:23,825 - watchfiles.main - INFO - 1 change detected
2025-10-12 20:25:24,176 - watchfiles.main - INFO - 1 change detected
2025-10-12 20:25:24,528 - watchfiles.main - INFO - 1 change detected
2025-10-12 20:25:24,880 - watchfiles.main - INFO - 1 change detected
2025-10-12 20:25:25,233 - watchfiles.main - INFO - 1 change detected
2025-10-12 20:25:25,585 - watchfiles.main - INFO - 1 change detected
2025-10-12 20:25:25,936 - watchfiles.main - INFO - 1 change detected
2025-10-12 20:25:26,288 - watchfiles.main - INFO - 1 change detected
2025-10-12 20:25:26,639 - watchfiles.main - INFO - 1 change detected
2025-10-12 20:25:26,991 - watchfiles.main - INFO - 1 change detected
2025-10-12 20:25:27,342 - watchfiles.main - INFO - 1 change detected
2025-10-12 20:25:27,694 - watchfiles.main - INFO - 1 change detected
2025-10-12 20:25:28,045 - watchfiles.main - INFO - 1 change detected
2025-10-12 20:25:28,396 - watchfiles.main - INFO - 1 change detected
2025-10-12 20:25:28,747 - watchfiles.main - INFO - 1 change detected
2025-10-12 20:25:29,098 - watchfiles.main - INFO - 1 change detected
2025-10-12 20:25:29,450 - watchfiles.main - INFO - 1 change detected
2025-10-12 20:25:29,800 - watchfiles.main - INFO - 1 change detected
2025-10-12 20:25:30,152 - watchfiles.main - INFO - 1 change detected
2025-10-12 20:25:30,503 - watchfiles.main - INFO - 1 change detected
2025-10-12 20:25:30,855 - watchfiles.main - INFO - 1 change detected
2025-10-12 20:25:31,206 - watchfiles.main - INFO - 1 change detected
2025-10-12 20:25:31,558 - watchfiles.main - INFO - 1 change detected
2025-10-12 20:25:31,910 - watchfiles.main - INFO - 1 change detected
2025-10-12 20:25:32,261 - watchfiles.main - INFO - 1 change detected
2025-10-12 20:25:32,613 - watchfiles.main - INFO - 1 change detected
2025-10-12 20:25:32,964 - watchfiles.main - INFO - 1 change detected
2025-10-12 20:25:33,316 - watchfiles.main - INFO - 1 change detected
2025-10-12 20:25:33,668 - watchfiles.main - INFO - 1 change detected
2025-10-12 20:25:34,019 - watchfiles.main - INFO - 1 change detected
2025-10-12 20:25:34,370 - watchfiles.main - INFO - 1 change detected
2025-10-12 20:25:34,721 - watchfiles.main - INFO - 1 change detected
2025-10-12 20:25:35,072 - watchfiles.main - INFO - 1 change detected
2025-10-12 20:25:35,424 - watchfiles.main - INFO - 1 change detected
2025-10-12 20:25:35,775 - watchfiles.main - INFO - 1 change detected
2025-10-12 20:25:36,127 - watchfiles.main - INFO - 1 change detected
2025-10-12 20:25:36,478 - watchfiles.main - INFO - 1 change detected
2025-10-12 20:25:36,830 - watchfiles.main - INFO - 1 change detected
2025-10-12 20:25:37,181 - watchfiles.main - INFO - 1 change detected
2025-10-12 20:25:37,532 - watchfiles.main - INFO - 1 change detected
2025-10-12 20:25:37,885 - watchfiles.main - INFO - 1 change detected
2025-10-12 20:25:38,236 - watchfiles.main - INFO - 1 change detected
2025-10-12 20:25:38,588 - watchfiles.main - INFO - 1 change detected
2025-10-12 20:25:38,940 - watchfiles.main - INFO - 1 change detected
2025-10-12 20:25:39,291 - watchfiles.main - INFO - 1 change detected
2025-10-12 20:25:39,643 - watchfiles.main - INFO - 1 change detected
2025-10-12 20:25:39,995 - watchfiles.main - INFO - 1 change detected
2025-10-12 20:25:40,346 - watchfiles.main - INFO - 1 change detected
2025-10-12 20:25:40,697 - watchfiles.main - INFO - 1 change detected
2025-10-12 20:25:41,048 - watchfiles.main - INFO - 1 change detected
2025-10-12 20:25:41,399 - watchfiles.main - INFO - 1 change detected
2025-10-12 20:25:41,750 - watchfiles.main - INFO - 1 change detected
2025-10-12 20:25:42,102 - watchfiles.main - INFO - 1 change detected
2025-10-12 20:25:42,453 - watchfiles.main - INFO - 1 change detected
2025-10-12 20:25:42,804 - watchfiles.main - INFO - 1 change detected
2025-10-12 20:25:43,156 - watchfiles.main - INFO - 1 change detected
2025-10-12 20:25:43,507 - watchfiles.main - INFO - 1 change detected
2025-10-12 20:25:43,858 - watchfiles.main - INFO - 1 change detected
2025-10-12 20:25:44,210 - watchfiles.main - INFO - 1 change detected
2025-10-12 20:25:44,562 - watchfiles.main - INFO - 1 change detected
2025-10-12 20:25:44,913 - watchfiles.main - INFO - 1 change detected
2025-10-12 20:25:45,265 - watchfiles.main - INFO - 1 change detected
2025-10-12 20:25:45,617 - watchfiles.main - INFO - 1 change detected
2025-10-12 20:25:45,968 - watchfiles.main - INFO - 1 change detected
2025-10-12 20:25:46,319 - watchfiles.main - INFO - 1 change detected
2025-10-12 20:25:46,671 - watchfiles.main - INFO - 1 change detected
2025-10-12 20:25:47,023 - watchfiles.main - INFO - 1 change detected
2025-10-12 20:25:47,375 - watchfiles.main - INFO - 1 change detected
2025-10-12 20:25:47,727 - watchfiles.main - INFO - 1 change detected
2025-10-12 20:25:48,079 - watchfiles.main - INFO - 1 change detected
2025-10-12 20:25:48,431 - watchfiles.main - INFO - 1 change detected
2025-10-12 20:25:48,781 - watchfiles.main - INFO - 1 change detected
2025-10-12 20:25:49,133 - watchfiles.main - INFO - 1 change detected
2025-10-12 20:25:49,486 - watchfiles.main - INFO - 1 change detected
2025-10-12 20:25:49,837 - watchfiles.main - INFO - 1 change detected
2025-10-12 20:25:50,188 - watchfiles.main - INFO - 1 change detected
2025-10-12 20:25:50,538 - watchfiles.main - INFO - 1 change detected
2025-10-12 20:25:50,889 - watchfiles.main - INFO - 1 change detected
2025-10-12 20:25:51,241 - watchfiles.main - INFO - 1 change detected
2025-10-12 20:25:51,593 - watchfiles.main - INFO - 1 change detected
2025-10-12 20:25:51,944 - watchfiles.main - INFO - 1 change detected
2025-10-12 20:25:52,298 - watchfiles.main - INFO - 1 change detected
2025-10-12 20:25:52,649 - watchfiles.main - INFO - 1 change detected
2025-10-12 20:25:53,001 - watchfiles.main - INFO - 1 change detected
2025-10-12 20:25:53,353 - watchfiles.main - INFO - 1 change detected
2025-10-12 20:25:53,705 - watchfiles.main - INFO - 1 change detected
2025-10-12 20:25:54,056 - watchfiles.main - INFO - 1 change detected
2025-10-12 20:25:54,408 - watchfiles.main - INFO - 1 change detected
2025-10-12 20:25:54,759 - watchfiles.main - INFO - 1 change detected
2025-10-12 20:25:55,110 - watchfiles.main - INFO - 1 change detected
2025-10-12 20:25:55,462 - watchfiles.main - INFO - 1 change detected
2025-10-12 20:25:55,815 - watchfiles.main - INFO - 1 change detected
2025-10-12 20:25:56,166 - watchfiles.main - INFO - 1 change detected
2025-10-12 20:25:56,517 - watchfiles.main - INFO - 1 change detected
2025-10-12 20:25:56,869 - watchfiles.main - INFO - 1 change detected
2025-10-12 20:25:57,220 - watchfiles.main - INFO - 1 change detected
2025-10-12 20:25:57,571 - watchfiles.main - INFO - 1 change detected
2025-10-12 20:25:57,923 - watchfiles.main - INFO - 1 change detected
2025-10-12 20:25:58,275 - watchfiles.main - INFO - 1 change detected
2025-10-12 20:25:58,626 - watchfiles.main - INFO - 1 change detected
2025-10-12 20:25:58,979 - watchfiles.main - INFO - 1 change detected
2025-10-12 20:25:59,330 - watchfiles.main - INFO - 1 change detected
2025-10-12 20:25:59,681 - watchfiles.main - INFO - 1 change detected
2025-10-12 20:26:00,033 - watchfiles.main - INFO - 1 change detected
2025-10-12 20:26:00,384 - watchfiles.main - INFO - 1 change detected
2025-10-12 20:26:00,735 - watchfiles.main - INFO - 1 change detected
2025-10-12 20:26:01,087 - watchfiles.main - INFO - 1 change detected
2025-10-12 20:26:01,438 - watchfiles.main - INFO - 1 change detected
2025-10-12 20:26:01,789 - watchfiles.main - INFO - 1 change detected
2025-10-12 20:26:02,140 - watchfiles.main - INFO - 1 change detected
2025-10-12 20:26:02,492 - watchfiles.main - INFO - 1 change detected
2025-10-12 20:26:02,842 - watchfiles.main - INFO - 1 change detected
2025-10-12 20:26:03,193 - watchfiles.main - INFO - 1 change detected
2025-10-12 20:26:03,544 - watchfiles.main - INFO - 1 change detected
2025-10-12 20:26:03,895 - watchfiles.main - INFO - 1 change detected
2025-10-12 20:26:04,246 - watchfiles.main - INFO - 1 change detected
2025-10-12 20:26:04,596 - watchfiles.main - INFO - 1 change detected
2025-10-12 20:26:04,947 - watchfiles.main - INFO - 1 change detected
2025-10-12 20:26:05,298 - watchfiles.main - INFO - 1 change detected
2025-10-12 20:26:05,651 - watchfiles.main - INFO - 1 change detected
2025-10-12 20:26:06,002 - watchfiles.main - INFO - 1 change detected
2025-10-12 20:26:06,353 - watchfiles.main - INFO - 1 change detected
2025-10-12 20:26:06,704 - watchfiles.main - INFO - 1 change detected
2025-10-12 20:26:07,055 - watchfiles.main - INFO - 1 change detected
2025-10-12 20:26:07,406 - watchfiles.main - INFO - 1 change detected
2025-10-12 20:26:07,757 - watchfiles.main - INFO - 1 change detected
2025-10-12 20:26:08,108 - watchfiles.main - INFO - 1 change detected
2025-10-12 20:26:08,459 - watchfiles.main - INFO - 1 change detected
2025-10-12 20:26:08,810 - watchfiles.main - INFO - 1 change detected
2025-10-12 20:26:09,161 - watchfiles.main - INFO - 1 change detected
2025-10-12 20:26:09,513 - watchfiles.main - INFO - 1 change detected
2025-10-12 20:26:09,865 - watchfiles.main - INFO - 1 change detected
2025-10-12 20:26:10,217 - watchfiles.main - INFO - 1 change detected
2025-10-12 20:26:10,568 - watchfiles.main - INFO - 1 change detected
2025-10-12 20:26:10,919 - watchfiles.main - INFO - 1 change detected
2025-10-12 20:26:11,271 - watchfiles.main - INFO - 1 change detected
2025-10-12 20:26:11,622 - watchfiles.main - INFO - 1 change detected
2025-10-12 20:26:11,973 - watchfiles.main - INFO - 1 change detected
2025-10-12 20:26:12,325 - watchfiles.main - INFO - 1 change detected
2025-10-12 20:26:12,676 - watchfiles.main - INFO - 1 change detected
2025-10-12 20:26:13,027 - watchfiles.main - INFO - 1 change detected
2025-10-12 20:26:13,380 - watchfiles.main - INFO - 1 change detected
2025-10-12 20:26:13,731 - watchfiles.main - INFO - 1 change detected
2025-10-12 20:26:14,083 - watchfiles.main - INFO - 1 change detected
2025-10-12 20:26:14,434 - watchfiles.main - INFO - 1 change detected
2025-10-12 20:26:14,785 - watchfiles.main - INFO - 1 change detected
2025-10-12 20:26:15,136 - watchfiles.main - INFO - 1 change detected
2025-10-12 20:26:15,492 - watchfiles.main - INFO - 1 change detected
2025-10-12 20:26:15,843 - watchfiles.main - INFO - 1 change detected
2025-10-12 20:26:16,195 - watchfiles.main - INFO - 1 change detected
2025-10-12 20:26:16,586 - watchfiles.main - INFO - 1 change detected
2025-10-12 20:26:16,937 - watchfiles.main - INFO - 1 change detected
2025-10-12 20:26:17,290 - watchfiles.main - INFO - 1 change detected
2025-10-12 20:26:17,646 - watchfiles.main - INFO - 1 change detected
2025-10-12 20:26:18,002 - watchfiles.main - INFO - 1 change detected
2025-10-12 20:26:18,352 - watchfiles.main - INFO - 1 change detected
2025-10-12 20:26:18,704 - watchfiles.main - INFO - 1 change detected
2025-10-12 20:26:19,057 - watchfiles.main - INFO - 1 change detected
2025-10-12 20:26:19,410 - watchfiles.main - INFO - 1 change detected
2025-10-12 20:26:19,763 - watchfiles.main - INFO - 1 change detected
2025-10-12 20:26:20,119 - watchfiles.main - INFO - 1 change detected
2025-10-12 20:26:20,470 - watchfiles.main - INFO - 1 change detected
2025-10-12 20:26:20,821 - watchfiles.main - INFO - 1 change detected
2025-10-12 20:26:21,172 - watchfiles.main - INFO - 1 change detected
2025-10-12 20:26:21,525 - watchfiles.main - INFO - 1 change detected
2025-10-12 20:26:21,885 - watchfiles.main - INFO - 1 change detected
2025-10-12 20:26:22,237 - watchfiles.main - INFO - 1 change detected
2025-10-12 20:26:22,589 - watchfiles.main - INFO - 1 change detected
2025-10-12 20:26:22,940 - watchfiles.main - INFO - 1 change detected
2025-10-12 20:26:23,292 - watchfiles.main - INFO - 1 change detected
2025-10-12 20:26:23,643 - watchfiles.main - INFO - 1 change detected
2025-10-12 20:26:23,994 - watchfiles.main - INFO - 1 change detected
2025-10-12 20:26:24,346 - watchfiles.main - INFO - 1 change detected
2025-10-12 20:26:24,697 - watchfiles.main - INFO - 1 change detected
2025-10-12 20:26:25,049 - watchfiles.main - INFO - 1 change detected
2025-10-12 20:26:25,399 - watchfiles.main - INFO - 1 change detected
2025-10-12 20:26:25,751 - watchfiles.main - INFO - 1 change detected
2025-10-12 20:26:26,105 - watchfiles.main - INFO - 1 change detected
2025-10-12 20:26:26,457 - watchfiles.main - INFO - 1 change detected
2025-10-12 20:26:26,808 - watchfiles.main - INFO - 1 change detected
2025-10-12 20:26:27,159 - watchfiles.main - INFO - 1 change detected
2025-10-12 20:26:27,510 - watchfiles.main - INFO - 1 change detected
2025-10-12 20:26:27,861 - watchfiles.main - INFO - 1 change detected
2025-10-12 20:26:28,213 - watchfiles.main - INFO - 1 change detected
2025-10-12 20:26:28,564 - watchfiles.main - INFO - 1 change detected
2025-10-12 20:26:28,915 - watchfiles.main - INFO - 1 change detected
2025-10-12 20:26:29,266 - watchfiles.main - INFO - 1 change detected
2025-10-12 20:26:29,616 - watchfiles.main - INFO - 1 change detected
2025-10-12 20:26:29,968 - watchfiles.main - INFO - 1 change detected
2025-10-12 20:26:30,319 - watchfiles.main - INFO - 1 change detected
2025-10-12 20:26:30,670 - watchfiles.main - INFO - 1 change detected
2025-10-12 20:26:31,021 - watchfiles.main - INFO - 1 change detected
2025-10-12 20:26:31,372 - watchfiles.main - INFO - 1 change detected
2025-10-12 20:26:31,723 - watchfiles.main - INFO - 1 change detected
2025-10-12 20:26:32,074 - watchfiles.main - INFO - 1 change detected
2025-10-12 20:26:32,424 - watchfiles.main - INFO - 1 change detected
2025-10-12 20:26:32,775 - watchfiles.main - INFO - 1 change detected
2025-10-12 20:26:33,126 - watchfiles.main - INFO - 1 change detected
2025-10-12 20:26:33,477 - watchfiles.main - INFO - 1 change detected
2025-10-12 20:26:33,828 - watchfiles.main - INFO - 1 change detected
2025-10-12 20:26:34,179 - watchfiles.main - INFO - 1 change detected
2025-10-12 20:26:34,530 - watchfiles.main - INFO - 1 change detected
2025-10-12 20:26:34,881 - watchfiles.main - INFO - 1 change detected
2025-10-12 20:26:35,231 - watchfiles.main - INFO - 1 change detected
2025-10-12 20:26:35,582 - watchfiles.main - INFO - 1 change detected
2025-10-12 20:26:35,933 - watchfiles.main - INFO - 1 change detected
2025-10-12 20:26:36,283 - watchfiles.main - INFO - 1 change detected
2025-10-12 20:26:36,634 - watchfiles.main - INFO - 1 change detected
2025-10-12 20:26:36,985 - watchfiles.main - INFO - 1 change detected
2025-10-12 20:26:37,336 - watchfiles.main - INFO - 1 change detected
2025-10-12 20:26:37,687 - watchfiles.main - INFO - 1 change detected
2025-10-12 20:26:38,038 - watchfiles.main - INFO - 1 change detected
2025-10-12 20:26:38,389 - watchfiles.main - INFO - 1 change detected
2025-10-12 20:26:38,740 - watchfiles.main - INFO - 1 change detected
2025-10-12 20:26:39,091 - watchfiles.main - INFO - 1 change detected
2025-10-12 20:26:39,442 - watchfiles.main - INFO - 1 change detected
2025-10-12 20:26:39,793 - watchfiles.main - INFO - 1 change detected
2025-10-12 20:26:40,144 - watchfiles.main - INFO - 1 change detected
2025-10-12 20:26:40,495 - watchfiles.main - INFO - 1 change detected
2025-10-12 20:26:40,846 - watchfiles.main - INFO - 1 change detected
2025-10-12 20:26:41,197 - watchfiles.main - INFO - 1 change detected
2025-10-12 20:26:41,548 - watchfiles.main - INFO - 1 change detected
2025-10-12 20:26:41,899 - watchfiles.main - INFO - 1 change detected
2025-10-12 20:26:42,249 - watchfiles.main - INFO - 1 change detected
2025-10-12 20:26:42,600 - watchfiles.main - INFO - 1 change detected
2025-10-12 20:26:42,951 - watchfiles.main - INFO - 1 change detected
2025-10-12 20:26:43,302 - watchfiles.main - INFO - 1 change detected
2025-10-12 20:26:43,653 - watchfiles.main - INFO - 1 change detected
2025-10-12 20:26:44,004 - watchfiles.main - INFO - 1 change detected
2025-10-12 20:26:44,355 - watchfiles.main - INFO - 1 change detected
2025-10-12 20:26:44,708 - watchfiles.main - INFO - 1 change detected
2025-10-12 20:26:45,059 - watchfiles.main - INFO - 1 change detected
2025-10-12 20:26:45,410 - watchfiles.main - INFO - 1 change detected
2025-10-12 20:26:45,761 - watchfiles.main - INFO - 1 change detected
2025-10-12 20:26:46,112 - watchfiles.main - INFO - 1 change detected
2025-10-12 20:26:46,463 - watchfiles.main - INFO - 1 change detected
2025-10-12 20:26:46,814 - watchfiles.main - INFO - 1 change detected
2025-10-12 20:26:47,165 - watchfiles.main - INFO - 1 change detected
2025-10-12 20:26:47,516 - watchfiles.main - INFO - 2 changes detected
WARNING:  WatchFiles detected changes in 'services/climate_derivative_pricer.py'. Reloading...
INFO:     Shutting down
INFO:     Waiting for application shutdown.
INFO:     Application shutdown complete.
INFO:     Finished server process [22862]
2025-10-12 20:26:48,122 - watchfiles.main - INFO - 2 changes detected
WARNING:  WatchFiles detected changes in 'services/climate_derivative_pricer.py'. Reloading...
2025-10-12 20:26:48,493 - watchfiles.main - INFO - 1 change detected
2025-10-12 20:26:48,854 - watchfiles.main - INFO - 1 change detected
2025-10-12 20:26:49,206 - watchfiles.main - INFO - 1 change detected
2025-10-12 20:26:49,562 - watchfiles.main - INFO - 1 change detected
2025-10-12 20:26:49,913 - watchfiles.main - INFO - 1 change detected
2025-10-12 20:26:50,266 - watchfiles.main - INFO - 1 change detected
2025-10-12 20:26:50,622 - watchfiles.main - INFO - 1 change detected
2025-10-12 20:26:50,975 - watchfiles.main - INFO - 1 change detected
2025-10-12 20:26:51,328 - watchfiles.main - INFO - 1 change detected
2025-10-12 20:26:51,681 - watchfiles.main - INFO - 1 change detected
2025-10-12 20:26:52,038 - watchfiles.main - INFO - 1 change detected
2025-10-12 20:26:52,393 - watchfiles.main - INFO - 1 change detected
2025-10-12 20:26:52,747 - watchfiles.main - INFO - 1 change detected
2025-10-12 20:26:53,104 - watchfiles.main - INFO - 1 change detected
2025-10-12 20:26:53,455 - watchfiles.main - INFO - 1 change detected
2025-10-12 20:26:53,808 - watchfiles.main - INFO - 1 change detected
2025-10-12 20:26:54,165 - watchfiles.main - INFO - 1 change detected
2025-10-12 20:26:54,518 - watchfiles.main - INFO - 1 change detected
2025-10-12 20:26:54,869 - watchfiles.main - INFO - 1 change detected
2025-10-12 20:26:55,223 - watchfiles.main - INFO - 1 change detected
2025-10-12 20:26:55,579 - watchfiles.main - INFO - 1 change detected
2025-10-12 20:26:55,930 - watchfiles.main - INFO - 1 change detected
2025-10-12 20:26:56,286 - watchfiles.main - INFO - 1 change detected
2025-10-12 20:26:56,638 - watchfiles.main - INFO - 1 change detected
2025-10-12 20:26:56,990 - watchfiles.main - INFO - 1 change detected
2025-10-12 20:26:57,349 - watchfiles.main - INFO - 1 change detected
2025-10-12 20:26:57,700 - watchfiles.main - INFO - 1 change detected
2025-10-12 20:26:58,054 - watchfiles.main - INFO - 1 change detected
2025-10-12 20:26:58,408 - watchfiles.main - INFO - 1 change detected
2025-10-12 20:26:58,762 - watchfiles.main - INFO - 1 change detected
2025-10-12 20:26:59,117 - watchfiles.main - INFO - 1 change detected
2025-10-12 20:26:59,475 - watchfiles.main - INFO - 1 change detected
2025-10-12 20:26:59,830 - watchfiles.main - INFO - 1 change detected
2025-10-12 20:27:00,190 - watchfiles.main - INFO - 1 change detected
2025-10-12 20:27:00,544 - watchfiles.main - INFO - 1 change detected
2025-10-12 20:27:00,895 - watchfiles.main - INFO - 1 change detected
2025-10-12 20:27:01,246 - watchfiles.main - INFO - 1 change detected
2025-10-12 20:27:01,604 - watchfiles.main - INFO - 1 change detected
2025-10-12 20:27:01,955 - watchfiles.main - INFO - 1 change detected
2025-10-12 20:27:02,314 - watchfiles.main - INFO - 1 change detected
2025-10-12 20:27:02,669 - watchfiles.main - INFO - 1 change detected
2025-10-12 20:27:03,022 - watchfiles.main - INFO - 1 change detected
2025-10-12 20:27:03,380 - watchfiles.main - INFO - 1 change detected
2025-10-12 20:27:03,731 - watchfiles.main - INFO - 1 change detected
2025-10-12 20:27:04,083 - watchfiles.main - INFO - 1 change detected
2025-10-12 20:27:04,439 - watchfiles.main - INFO - 1 change detected
2025-10-12 20:27:04,790 - watchfiles.main - INFO - 1 change detected
2025-10-12 20:27:05,142 - services.ml_service - INFO - No pre-trained models found, will use rule-based predictions
2025-10-12 20:27:05,143 - watchfiles.main - INFO - 1 change detected
2025-10-12 20:27:05,494 - watchfiles.main - INFO - 1 change detected
INFO:     Started server process [29720]
INFO:     Waiting for application startup.
2025-10-12 20:27:05,773 - main - INFO - Iniciando servidor FIMCE...
2025-10-12 20:27:05,773 - main - INFO - Configurações validadas com sucesso
INFO:     Application startup complete.
2025-10-12 20:27:05,844 - watchfiles.main - INFO - 1 change detected
2025-10-12 20:27:06,195 - watchfiles.main - INFO - 1 change detected
2025-10-12 20:27:06,546 - watchfiles.main - INFO - 1 change detected
2025-10-12 20:27:06,897 - watchfiles.main - INFO - 1 change detected
2025-10-12 20:27:07,248 - watchfiles.main - INFO - 1 change detected
2025-10-12 20:27:07,599 - watchfiles.main - INFO - 1 change detected
2025-10-12 20:27:07,951 - watchfiles.main - INFO - 1 change detected
2025-10-12 20:27:08,302 - watchfiles.main - INFO - 1 change detected
2025-10-12 20:27:08,653 - watchfiles.main - INFO - 1 change detected
2025-10-12 20:27:09,005 - watchfiles.main - INFO - 1 change detected
2025-10-12 20:27:09,360 - watchfiles.main - INFO - 1 change detected
2025-10-12 20:27:09,714 - watchfiles.main - INFO - 1 change detected
2025-10-12 20:27:10,067 - watchfiles.main - INFO - 1 change detected
2025-10-12 20:27:10,426 - watchfiles.main - INFO - 1 change detected
2025-10-12 20:27:10,778 - watchfiles.main - INFO - 1 change detected
2025-10-12 20:27:11,131 - watchfiles.main - INFO - 1 change detected
2025-10-12 20:27:11,482 - watchfiles.main - INFO - 1 change detected
2025-10-12 20:27:11,834 - watchfiles.main - INFO - 1 change detected
2025-10-12 20:27:12,185 - watchfiles.main - INFO - 1 change detected
2025-10-12 20:27:12,537 - watchfiles.main - INFO - 1 change detected
2025-10-12 20:27:12,889 - watchfiles.main - INFO - 1 change detected
2025-10-12 20:27:13,241 - watchfiles.main - INFO - 1 change detected
2025-10-12 20:27:13,592 - watchfiles.main - INFO - 1 change detected
2025-10-12 20:27:13,944 - watchfiles.main - INFO - 1 change detected
2025-10-12 20:27:14,295 - watchfiles.main - INFO - 1 change detected
2025-10-12 20:27:14,646 - watchfiles.main - INFO - 1 change detected
2025-10-12 20:27:14,997 - watchfiles.main - INFO - 1 change detected
2025-10-12 20:27:15,348 - watchfiles.main - INFO - 1 change detected
2025-10-12 20:27:15,699 - watchfiles.main - INFO - 1 change detected
2025-10-12 20:27:16,053 - watchfiles.main - INFO - 1 change detected
2025-10-12 20:27:16,404 - watchfiles.main - INFO - 1 change detected
2025-10-12 20:27:16,755 - watchfiles.main - INFO - 1 change detected
2025-10-12 20:27:17,106 - watchfiles.main - INFO - 1 change detected
2025-10-12 20:27:17,457 - watchfiles.main - INFO - 1 change detected
2025-10-12 20:27:17,808 - watchfiles.main - INFO - 1 change detected
2025-10-12 20:27:18,159 - watchfiles.main - INFO - 1 change detected
2025-10-12 20:27:18,510 - watchfiles.main - INFO - 1 change detected
2025-10-12 20:27:18,861 - watchfiles.main - INFO - 1 change detected
2025-10-12 20:27:19,212 - watchfiles.main - INFO - 1 change detected
2025-10-12 20:27:19,563 - watchfiles.main - INFO - 1 change detected
2025-10-12 20:27:19,914 - watchfiles.main - INFO - 1 change detected
2025-10-12 20:27:20,265 - watchfiles.main - INFO - 1 change detected
2025-10-12 20:27:20,616 - watchfiles.main - INFO - 1 change detected
2025-10-12 20:27:20,967 - watchfiles.main - INFO - 1 change detected
2025-10-12 20:27:21,318 - watchfiles.main - INFO - 1 change detected
2025-10-12 20:27:21,670 - watchfiles.main - INFO - 1 change detected
2025-10-12 20:27:22,021 - watchfiles.main - INFO - 1 change detected
2025-10-12 20:27:22,372 - watchfiles.main - INFO - 1 change detected
2025-10-12 20:27:22,723 - watchfiles.main - INFO - 1 change detected
2025-10-12 20:27:23,074 - watchfiles.main - INFO - 1 change detected
2025-10-12 20:27:23,426 - watchfiles.main - INFO - 1 change detected
2025-10-12 20:27:23,778 - watchfiles.main - INFO - 1 change detected
2025-10-12 20:27:24,183 - watchfiles.main - INFO - 2 changes detected
WARNING:  WatchFiles detected changes in 'api/modelagem.py'. Reloading...
INFO:     Shutting down
INFO:     Waiting for application shutdown.
INFO:     Application shutdown complete.
INFO:     Finished server process [29720]
2025-10-12 20:27:24,808 - watchfiles.main - INFO - 1 change detected
2025-10-12 20:27:25,161 - watchfiles.main - INFO - 1 change detected
2025-10-12 20:27:25,512 - watchfiles.main - INFO - 1 change detected
2025-10-12 20:27:25,867 - watchfiles.main - INFO - 1 change detected
2025-10-12 20:27:26,218 - watchfiles.main - INFO - 1 change detected
2025-10-12 20:27:26,574 - watchfiles.main - INFO - 1 change detected
2025-10-12 20:27:26,949 - watchfiles.main - INFO - 1 change detected
2025-10-12 20:27:27,301 - watchfiles.main - INFO - 1 change detected
2025-10-12 20:27:27,654 - watchfiles.main - INFO - 1 change detected
2025-10-12 20:27:28,008 - watchfiles.main - INFO - 1 change detected
2025-10-12 20:27:28,359 - watchfiles.main - INFO - 1 change detected
2025-10-12 20:27:28,712 - watchfiles.main - INFO - 1 change detected
2025-10-12 20:27:29,064 - watchfiles.main - INFO - 1 change detected
2025-10-12 20:27:29,416 - watchfiles.main - INFO - 1 change detected
2025-10-12 20:27:29,767 - watchfiles.main - INFO - 1 change detected
2025-10-12 20:27:30,121 - watchfiles.main - INFO - 1 change detected
2025-10-12 20:27:30,473 - watchfiles.main - INFO - 1 change detected
2025-10-12 20:27:30,877 - watchfiles.main - INFO - 4 changes detected
Traceback (most recent call last):
  File "<string>", line 1, in <module>
  File "/usr/lib/python3.12/multiprocessing/spawn.py", line 122, in spawn_main
    exitcode = _main(fd, parent_sentinel)
               ^^^^^^^^^^^^^^^^^^^^^^^^^^
  File "/usr/lib/python3.12/multiprocessing/spawn.py", line 131, in _main
    prepare(preparation_data)
  File "/usr/lib/python3.12/multiprocessing/spawn.py", line 246, in prepare
    _fixup_main_from_path(data['init_main_from_path'])
  File "/usr/lib/python3.12/multiprocessing/spawn.py", line 297, in _fixup_main_from_path
    main_content = runpy.run_path(main_path,
                   ^^^^^^^^^^^^^^^^^^^^^^^^^
  File "<frozen runpy>", line 286, in run_path
  File "<frozen runpy>", line 98, in _run_module_code
  File "<frozen runpy>", line 88, in _run_code
  File "/home/artha/climateAI/server/main.py", line 87, in <module>
    from api.modelagem import router as modelagem_router
  File "/home/artha/climateAI/server/api/modelagem.py", line 173, in <module>
    @router.post("/derivativos-climaticos/comparar-cenarios")
     ^^^^^^^^^^^^^^^^^^^^^^^^^^^^^^^^^^^^^^^^^^^^^^^^^^^^^^^^
  File "/home/artha/.local/lib/python3.12/site-packages/fastapi/routing.py", line 992, in decorator
    self.add_api_route(
  File "/home/artha/.local/lib/python3.12/site-packages/fastapi/routing.py", line 931, in add_api_route
    route = route_class(
            ^^^^^^^^^^^^
  File "/home/artha/.local/lib/python3.12/site-packages/fastapi/routing.py", line 552, in __init__
    self.dependant = get_dependant(path=self.path_format, call=self.endpoint)
                     ^^^^^^^^^^^^^^^^^^^^^^^^^^^^^^^^^^^^^^^^^^^^^^^^^^^^^^^^
  File "/home/artha/.local/lib/python3.12/site-packages/fastapi/dependencies/utils.py", line 277, in get_dependant
    param_details = analyze_param(
                    ^^^^^^^^^^^^^^
  File "/home/artha/.local/lib/python3.12/site-packages/fastapi/dependencies/utils.py", line 492, in analyze_param
    is_scalar_field(field)
AssertionError
2025-10-12 20:27:31,232 - watchfiles.main - INFO - 1 change detected
2025-10-12 20:27:31,585 - watchfiles.main - INFO - 1 change detected
2025-10-12 20:27:31,945 - watchfiles.main - INFO - 1 change detected
2025-10-12 20:27:32,296 - watchfiles.main - INFO - 1 change detected
2025-10-12 20:27:32,647 - watchfiles.main - INFO - 1 change detected
2025-10-12 20:27:33,000 - watchfiles.main - INFO - 1 change detected
2025-10-12 20:27:33,357 - watchfiles.main - INFO - 1 change detected
2025-10-12 20:27:33,711 - watchfiles.main - INFO - 1 change detected
2025-10-12 20:27:34,066 - watchfiles.main - INFO - 1 change detected
2025-10-12 20:27:34,418 - watchfiles.main - INFO - 1 change detected
2025-10-12 20:27:34,769 - watchfiles.main - INFO - 1 change detected
2025-10-12 20:27:35,120 - watchfiles.main - INFO - 1 change detected
2025-10-12 20:27:35,472 - watchfiles.main - INFO - 1 change detected
2025-10-12 20:27:35,823 - watchfiles.main - INFO - 1 change detected
2025-10-12 20:27:36,174 - watchfiles.main - INFO - 1 change detected
2025-10-12 20:27:36,525 - watchfiles.main - INFO - 1 change detected
2025-10-12 20:27:36,876 - watchfiles.main - INFO - 1 change detected
2025-10-12 20:27:37,227 - watchfiles.main - INFO - 1 change detected
2025-10-12 20:27:37,578 - watchfiles.main - INFO - 1 change detected
2025-10-12 20:27:37,929 - watchfiles.main - INFO - 1 change detected
2025-10-12 20:27:38,280 - watchfiles.main - INFO - 1 change detected
2025-10-12 20:27:38,631 - watchfiles.main - INFO - 1 change detected
2025-10-12 20:27:38,982 - watchfiles.main - INFO - 1 change detected
2025-10-12 20:27:39,332 - watchfiles.main - INFO - 1 change detected
2025-10-12 20:27:39,683 - watchfiles.main - INFO - 1 change detected
2025-10-12 20:27:40,034 - watchfiles.main - INFO - 1 change detected
2025-10-12 20:27:40,385 - watchfiles.main - INFO - 1 change detected
2025-10-12 20:27:40,736 - watchfiles.main - INFO - 1 change detected
2025-10-12 20:27:41,088 - watchfiles.main - INFO - 1 change detected
2025-10-12 20:27:41,439 - watchfiles.main - INFO - 1 change detected
2025-10-12 20:27:41,790 - watchfiles.main - INFO - 1 change detected
2025-10-12 20:27:42,141 - watchfiles.main - INFO - 1 change detected
2025-10-12 20:27:42,492 - watchfiles.main - INFO - 1 change detected
2025-10-12 20:27:42,843 - watchfiles.main - INFO - 1 change detected
2025-10-12 20:27:43,194 - watchfiles.main - INFO - 1 change detected
2025-10-12 20:27:43,545 - watchfiles.main - INFO - 1 change detected
2025-10-12 20:27:43,896 - watchfiles.main - INFO - 1 change detected
2025-10-12 20:27:44,248 - watchfiles.main - INFO - 1 change detected
2025-10-12 20:27:44,599 - watchfiles.main - INFO - 1 change detected
2025-10-12 20:27:44,950 - watchfiles.main - INFO - 1 change detected
2025-10-12 20:27:45,301 - watchfiles.main - INFO - 1 change detected
2025-10-12 20:27:45,651 - watchfiles.main - INFO - 2 changes detected
WARNING:  WatchFiles detected changes in 'test_climate_derivatives.py'. Reloading...
2025-10-12 20:27:46,009 - watchfiles.main - INFO - 1 change detected
2025-10-12 20:27:46,360 - watchfiles.main - INFO - 2 changes detected
WARNING:  WatchFiles detected changes in 'test_climate_derivatives.py'. Reloading...
2025-10-12 20:27:46,716 - watchfiles.main - INFO - 1 change detected
2025-10-12 20:27:47,067 - watchfiles.main - INFO - 1 change detected
2025-10-12 20:27:47,423 - watchfiles.main - INFO - 1 change detected
2025-10-12 20:27:47,777 - watchfiles.main - INFO - 1 change detected
2025-10-12 20:27:48,128 - watchfiles.main - INFO - 1 change detected
2025-10-12 20:27:48,482 - watchfiles.main - INFO - 1 change detected
2025-10-12 20:27:48,833 - watchfiles.main - INFO - 1 change detected
2025-10-12 20:27:49,188 - watchfiles.main - INFO - 1 change detected
2025-10-12 20:27:49,541 - watchfiles.main - INFO - 1 change detected
2025-10-12 20:27:49,895 - watchfiles.main - INFO - 1 change detected
2025-10-12 20:27:50,250 - watchfiles.main - INFO - 1 change detected
2025-10-12 20:27:50,601 - watchfiles.main - INFO - 1 change detected
2025-10-12 20:27:50,952 - watchfiles.main - INFO - 1 change detected
2025-10-12 20:27:51,307 - watchfiles.main - INFO - 1 change detected
2025-10-12 20:27:51,662 - watchfiles.main - INFO - 1 change detected
2025-10-12 20:27:52,014 - watchfiles.main - INFO - 1 change detected
Traceback (most recent call last):
  File "<string>", line 1, in <module>
  File "/usr/lib/python3.12/multiprocessing/spawn.py", line 122, in spawn_main
    exitcode = _main(fd, parent_sentinel)
               ^^^^^^^^^^^^^^^^^^^^^^^^^^
  File "/usr/lib/python3.12/multiprocessing/spawn.py", line 131, in _main
    prepare(preparation_data)
  File "/usr/lib/python3.12/multiprocessing/spawn.py", line 246, in prepare
    _fixup_main_from_path(data['init_main_from_path'])
  File "/usr/lib/python3.12/multiprocessing/spawn.py", line 297, in _fixup_main_from_path
    main_content = runpy.run_path(main_path,
                   ^^^^^^^^^^^^^^^^^^^^^^^^^
  File "<frozen runpy>", line 286, in run_path
  File "<frozen runpy>", line 98, in _run_module_code
  File "<frozen runpy>", line 88, in _run_code
  File "/home/artha/climateAI/server/main.py", line 87, in <module>
    from api.modelagem import router as modelagem_router
  File "/home/artha/climateAI/server/api/modelagem.py", line 173, in <module>
    @router.post("/derivativos-climaticos/comparar-cenarios")
     ^^^^^^^^^^^^^^^^^^^^^^^^^^^^^^^^^^^^^^^^^^^^^^^^^^^^^^^^
  File "/home/artha/.local/lib/python3.12/site-packages/fastapi/routing.py", line 992, in decorator
    self.add_api_route(
  File "/home/artha/.local/lib/python3.12/site-packages/fastapi/routing.py", line 931, in add_api_route
    route = route_class(
            ^^^^^^^^^^^^
  File "/home/artha/.local/lib/python3.12/site-packages/fastapi/routing.py", line 552, in __init__
    self.dependant = get_dependant(path=self.path_format, call=self.endpoint)
                     ^^^^^^^^^^^^^^^^^^^^^^^^^^^^^^^^^^^^^^^^^^^^^^^^^^^^^^^^
  File "/home/artha/.local/lib/python3.12/site-packages/fastapi/dependencies/utils.py", line 277, in get_dependant
    param_details = analyze_param(
                    ^^^^^^^^^^^^^^
  File "/home/artha/.local/lib/python3.12/site-packages/fastapi/dependencies/utils.py", line 492, in analyze_param
    is_scalar_field(field)
AssertionError
2025-10-12 20:27:52,365 - watchfiles.main - INFO - 1 change detected
2025-10-12 20:27:52,718 - watchfiles.main - INFO - 1 change detected
2025-10-12 20:27:53,072 - watchfiles.main - INFO - 1 change detected
2025-10-12 20:27:53,423 - watchfiles.main - INFO - 1 change detected
2025-10-12 20:27:53,775 - watchfiles.main - INFO - 1 change detected
2025-10-12 20:27:54,126 - watchfiles.main - INFO - 1 change detected
2025-10-12 20:27:54,477 - watchfiles.main - INFO - 1 change detected
2025-10-12 20:27:54,828 - watchfiles.main - INFO - 1 change detected
2025-10-12 20:27:55,179 - watchfiles.main - INFO - 1 change detected
2025-10-12 20:27:55,530 - watchfiles.main - INFO - 1 change detected
2025-10-12 20:27:55,883 - watchfiles.main - INFO - 1 change detected
2025-10-12 20:27:56,234 - watchfiles.main - INFO - 1 change detected
2025-10-12 20:27:56,588 - watchfiles.main - INFO - 1 change detected
2025-10-12 20:27:56,940 - watchfiles.main - INFO - 1 change detected
2025-10-12 20:27:57,292 - watchfiles.main - INFO - 1 change detected
2025-10-12 20:27:57,647 - watchfiles.main - INFO - 1 change detected
2025-10-12 20:27:58,003 - watchfiles.main - INFO - 1 change detected
2025-10-12 20:27:58,355 - watchfiles.main - INFO - 1 change detected
2025-10-12 20:27:58,706 - watchfiles.main - INFO - 1 change detected
2025-10-12 20:27:59,059 - watchfiles.main - INFO - 1 change detected
2025-10-12 20:27:59,413 - watchfiles.main - INFO - 1 change detected
2025-10-12 20:27:59,765 - watchfiles.main - INFO - 1 change detected
2025-10-12 20:28:00,116 - watchfiles.main - INFO - 1 change detected
2025-10-12 20:28:00,468 - watchfiles.main - INFO - 1 change detected
2025-10-12 20:28:00,819 - watchfiles.main - INFO - 1 change detected
2025-10-12 20:28:01,171 - watchfiles.main - INFO - 1 change detected
2025-10-12 20:28:01,603 - watchfiles.main - INFO - 1 change detected
2025-10-12 20:28:01,963 - watchfiles.main - INFO - 1 change detected
2025-10-12 20:28:02,315 - watchfiles.main - INFO - 1 change detected
2025-10-12 20:28:02,666 - watchfiles.main - INFO - 1 change detected
2025-10-12 20:28:03,020 - watchfiles.main - INFO - 1 change detected
2025-10-12 20:28:03,373 - watchfiles.main - INFO - 1 change detected
2025-10-12 20:28:03,724 - watchfiles.main - INFO - 1 change detected
2025-10-12 20:28:04,075 - watchfiles.main - INFO - 1 change detected
2025-10-12 20:28:04,427 - watchfiles.main - INFO - 1 change detected
2025-10-12 20:28:04,778 - watchfiles.main - INFO - 1 change detected
2025-10-12 20:28:05,128 - watchfiles.main - INFO - 1 change detected
2025-10-12 20:28:05,480 - watchfiles.main - INFO - 1 change detected
2025-10-12 20:28:05,830 - watchfiles.main - INFO - 1 change detected
2025-10-12 20:28:06,181 - watchfiles.main - INFO - 1 change detected
2025-10-12 20:28:06,532 - watchfiles.main - INFO - 1 change detected
2025-10-12 20:28:06,883 - watchfiles.main - INFO - 1 change detected
2025-10-12 20:28:07,234 - watchfiles.main - INFO - 1 change detected
2025-10-12 20:28:07,584 - watchfiles.main - INFO - 1 change detected
2025-10-12 20:28:07,935 - watchfiles.main - INFO - 1 change detected
2025-10-12 20:28:08,286 - watchfiles.main - INFO - 1 change detected
2025-10-12 20:28:08,637 - watchfiles.main - INFO - 1 change detected
2025-10-12 20:28:08,990 - watchfiles.main - INFO - 1 change detected
2025-10-12 20:28:09,341 - watchfiles.main - INFO - 1 change detected
2025-10-12 20:28:09,692 - watchfiles.main - INFO - 1 change detected
2025-10-12 20:28:10,043 - watchfiles.main - INFO - 1 change detected
2025-10-12 20:28:10,394 - watchfiles.main - INFO - 1 change detected
2025-10-12 20:28:10,745 - watchfiles.main - INFO - 1 change detected
2025-10-12 20:28:11,096 - watchfiles.main - INFO - 1 change detected
2025-10-12 20:28:11,448 - watchfiles.main - INFO - 1 change detected
2025-10-12 20:28:11,868 - watchfiles.main - INFO - 1 change detected
2025-10-12 20:28:12,219 - watchfiles.main - INFO - 1 change detected
2025-10-12 20:28:12,571 - watchfiles.main - INFO - 1 change detected
2025-10-12 20:28:12,923 - watchfiles.main - INFO - 1 change detected
2025-10-12 20:28:13,275 - watchfiles.main - INFO - 1 change detected
2025-10-12 20:28:13,626 - watchfiles.main - INFO - 1 change detected
2025-10-12 20:28:13,977 - watchfiles.main - INFO - 2 changes detected
WARNING:  WatchFiles detected changes in 'test_climate_derivatives.py'. Reloading...
2025-10-12 20:28:14,331 - watchfiles.main - INFO - 1 change detected
2025-10-12 20:28:14,682 - watchfiles.main - INFO - 1 change detected
2025-10-12 20:28:15,044 - watchfiles.main - INFO - 1 change detected
2025-10-12 20:28:15,396 - watchfiles.main - INFO - 1 change detected
2025-10-12 20:28:15,751 - watchfiles.main - INFO - 1 change detected
2025-10-12 20:28:16,106 - watchfiles.main - INFO - 1 change detected
2025-10-12 20:28:16,457 - watchfiles.main - INFO - 1 change detected
2025-10-12 20:28:16,813 - watchfiles.main - INFO - 1 change detected
2025-10-12 20:28:17,165 - watchfiles.main - INFO - 1 change detected
2025-10-12 20:28:17,516 - watchfiles.main - INFO - 1 change detected
2025-10-12 20:28:17,871 - watchfiles.main - INFO - 1 change detected
2025-10-12 20:28:18,222 - watchfiles.main - INFO - 1 change detected
2025-10-12 20:28:18,575 - watchfiles.main - INFO - 1 change detected
2025-10-12 20:28:18,926 - watchfiles.main - INFO - 1 change detected
2025-10-12 20:28:19,279 - watchfiles.main - INFO - 1 change detected
2025-10-12 20:28:19,634 - watchfiles.main - INFO - 1 change detected
2025-10-12 20:28:19,989 - watchfiles.main - INFO - 1 change detected
2025-10-12 20:28:20,340 - watchfiles.main - INFO - 1 change detected
2025-10-12 20:28:20,693 - watchfiles.main - INFO - 1 change detected
2025-10-12 20:28:21,051 - watchfiles.main - INFO - 1 change detected
Traceback (most recent call last):
  File "<string>", line 1, in <module>
  File "/usr/lib/python3.12/multiprocessing/spawn.py", line 122, in spawn_main
    exitcode = _main(fd, parent_sentinel)
               ^^^^^^^^^^^^^^^^^^^^^^^^^^
  File "/usr/lib/python3.12/multiprocessing/spawn.py", line 131, in _main
    prepare(preparation_data)
  File "/usr/lib/python3.12/multiprocessing/spawn.py", line 246, in prepare
    _fixup_main_from_path(data['init_main_from_path'])
  File "/usr/lib/python3.12/multiprocessing/spawn.py", line 297, in _fixup_main_from_path
    main_content = runpy.run_path(main_path,
                   ^^^^^^^^^^^^^^^^^^^^^^^^^
  File "<frozen runpy>", line 286, in run_path
  File "<frozen runpy>", line 98, in _run_module_code
  File "<frozen runpy>", line 88, in _run_code
  File "/home/artha/climateAI/server/main.py", line 87, in <module>
    from api.modelagem import router as modelagem_router
  File "/home/artha/climateAI/server/api/modelagem.py", line 173, in <module>
    @router.post("/derivativos-climaticos/comparar-cenarios")
     ^^^^^^^^^^^^^^^^^^^^^^^^^^^^^^^^^^^^^^^^^^^^^^^^^^^^^^^^
  File "/home/artha/.local/lib/python3.12/site-packages/fastapi/routing.py", line 992, in decorator
    self.add_api_route(
  File "/home/artha/.local/lib/python3.12/site-packages/fastapi/routing.py", line 931, in add_api_route
    route = route_class(
            ^^^^^^^^^^^^
  File "/home/artha/.local/lib/python3.12/site-packages/fastapi/routing.py", line 552, in __init__
    self.dependant = get_dependant(path=self.path_format, call=self.endpoint)
                     ^^^^^^^^^^^^^^^^^^^^^^^^^^^^^^^^^^^^^^^^^^^^^^^^^^^^^^^^
  File "/home/artha/.local/lib/python3.12/site-packages/fastapi/dependencies/utils.py", line 277, in get_dependant
    param_details = analyze_param(
                    ^^^^^^^^^^^^^^
  File "/home/artha/.local/lib/python3.12/site-packages/fastapi/dependencies/utils.py", line 492, in analyze_param
    is_scalar_field(field)
AssertionError
2025-10-12 20:28:21,404 - watchfiles.main - INFO - 1 change detected
2025-10-12 20:28:21,761 - watchfiles.main - INFO - 1 change detected
2025-10-12 20:28:22,113 - watchfiles.main - INFO - 1 change detected
2025-10-12 20:28:22,465 - watchfiles.main - INFO - 1 change detected
2025-10-12 20:28:22,817 - watchfiles.main - INFO - 1 change detected
2025-10-12 20:28:23,168 - watchfiles.main - INFO - 1 change detected
2025-10-12 20:28:23,518 - watchfiles.main - INFO - 1 change detected
2025-10-12 20:28:23,869 - watchfiles.main - INFO - 1 change detected
2025-10-12 20:28:24,222 - watchfiles.main - INFO - 1 change detected
2025-10-12 20:28:24,574 - watchfiles.main - INFO - 1 change detected
2025-10-12 20:28:24,925 - watchfiles.main - INFO - 1 change detected
2025-10-12 20:28:25,277 - watchfiles.main - INFO - 1 change detected
2025-10-12 20:28:25,629 - watchfiles.main - INFO - 1 change detected
2025-10-12 20:28:25,982 - watchfiles.main - INFO - 1 change detected
2025-10-12 20:28:26,333 - watchfiles.main - INFO - 1 change detected
2025-10-12 20:28:26,684 - watchfiles.main - INFO - 1 change detected
2025-10-12 20:28:27,036 - watchfiles.main - INFO - 1 change detected
2025-10-12 20:28:27,388 - watchfiles.main - INFO - 1 change detected
2025-10-12 20:28:27,739 - watchfiles.main - INFO - 1 change detected
2025-10-12 20:28:28,091 - watchfiles.main - INFO - 1 change detected
2025-10-12 20:28:28,444 - watchfiles.main - INFO - 1 change detected
2025-10-12 20:28:28,795 - watchfiles.main - INFO - 1 change detected
2025-10-12 20:28:29,146 - watchfiles.main - INFO - 1 change detected
2025-10-12 20:28:29,498 - watchfiles.main - INFO - 1 change detected
2025-10-12 20:28:29,849 - watchfiles.main - INFO - 1 change detected
2025-10-12 20:28:30,201 - watchfiles.main - INFO - 1 change detected
2025-10-12 20:28:30,552 - watchfiles.main - INFO - 1 change detected
2025-10-12 20:28:30,904 - watchfiles.main - INFO - 1 change detected
2025-10-12 20:28:31,256 - watchfiles.main - INFO - 1 change detected
2025-10-12 20:28:31,607 - watchfiles.main - INFO - 1 change detected
2025-10-12 20:28:31,959 - watchfiles.main - INFO - 1 change detected
2025-10-12 20:28:32,310 - watchfiles.main - INFO - 1 change detected
2025-10-12 20:28:32,661 - watchfiles.main - INFO - 1 change detected
2025-10-12 20:28:33,012 - watchfiles.main - INFO - 1 change detected
2025-10-12 20:28:33,364 - watchfiles.main - INFO - 1 change detected
2025-10-12 20:28:33,715 - watchfiles.main - INFO - 1 change detected
2025-10-12 20:28:34,067 - watchfiles.main - INFO - 1 change detected
2025-10-12 20:28:34,419 - watchfiles.main - INFO - 1 change detected
2025-10-12 20:28:34,770 - watchfiles.main - INFO - 1 change detected
2025-10-12 20:28:35,124 - watchfiles.main - INFO - 1 change detected
2025-10-12 20:28:35,475 - watchfiles.main - INFO - 1 change detected
2025-10-12 20:28:35,825 - watchfiles.main - INFO - 1 change detected
2025-10-12 20:28:36,176 - watchfiles.main - INFO - 1 change detected
2025-10-12 20:28:36,528 - watchfiles.main - INFO - 1 change detected
2025-10-12 20:28:36,879 - watchfiles.main - INFO - 1 change detected
2025-10-12 20:28:37,231 - watchfiles.main - INFO - 1 change detected
2025-10-12 20:28:37,582 - watchfiles.main - INFO - 1 change detected
2025-10-12 20:28:37,934 - watchfiles.main - INFO - 1 change detected
2025-10-12 20:28:38,285 - watchfiles.main - INFO - 1 change detected
2025-10-12 20:28:38,639 - watchfiles.main - INFO - 1 change detected
2025-10-12 20:28:38,990 - watchfiles.main - INFO - 1 change detected
2025-10-12 20:28:39,342 - watchfiles.main - INFO - 1 change detected
2025-10-12 20:28:39,693 - watchfiles.main - INFO - 1 change detected
2025-10-12 20:28:40,045 - watchfiles.main - INFO - 1 change detected
2025-10-12 20:28:40,396 - watchfiles.main - INFO - 1 change detected
2025-10-12 20:28:40,748 - watchfiles.main - INFO - 1 change detected
2025-10-12 20:28:41,100 - watchfiles.main - INFO - 1 change detected
2025-10-12 20:28:41,452 - watchfiles.main - INFO - 1 change detected
2025-10-12 20:28:41,803 - watchfiles.main - INFO - 1 change detected
2025-10-12 20:28:42,155 - watchfiles.main - INFO - 1 change detected
2025-10-12 20:28:42,506 - watchfiles.main - INFO - 1 change detected
2025-10-12 20:28:42,858 - watchfiles.main - INFO - 1 change detected
2025-10-12 20:28:43,209 - watchfiles.main - INFO - 1 change detected
2025-10-12 20:28:43,561 - watchfiles.main - INFO - 1 change detected
2025-10-12 20:28:43,912 - watchfiles.main - INFO - 1 change detected
2025-10-12 20:28:44,263 - watchfiles.main - INFO - 1 change detected
2025-10-12 20:28:44,615 - watchfiles.main - INFO - 1 change detected
2025-10-12 20:28:44,967 - watchfiles.main - INFO - 1 change detected
2025-10-12 20:28:45,318 - watchfiles.main - INFO - 1 change detected
2025-10-12 20:28:45,670 - watchfiles.main - INFO - 1 change detected
2025-10-12 20:28:46,021 - watchfiles.main - INFO - 1 change detected
2025-10-12 20:28:46,372 - watchfiles.main - INFO - 1 change detected
2025-10-12 20:28:46,723 - watchfiles.main - INFO - 1 change detected
2025-10-12 20:28:47,075 - watchfiles.main - INFO - 1 change detected
2025-10-12 20:28:47,426 - watchfiles.main - INFO - 1 change detected
2025-10-12 20:28:47,778 - watchfiles.main - INFO - 1 change detected
2025-10-12 20:28:48,129 - watchfiles.main - INFO - 1 change detected
2025-10-12 20:28:48,481 - watchfiles.main - INFO - 1 change detected
2025-10-12 20:28:48,832 - watchfiles.main - INFO - 1 change detected
2025-10-12 20:28:49,183 - watchfiles.main - INFO - 1 change detected
2025-10-12 20:28:49,535 - watchfiles.main - INFO - 1 change detected
2025-10-12 20:28:49,887 - watchfiles.main - INFO - 1 change detected
2025-10-12 20:28:50,239 - watchfiles.main - INFO - 1 change detected
2025-10-12 20:28:50,590 - watchfiles.main - INFO - 1 change detected
2025-10-12 20:28:50,942 - watchfiles.main - INFO - 1 change detected
2025-10-12 20:28:51,294 - watchfiles.main - INFO - 1 change detected
2025-10-12 20:28:51,645 - watchfiles.main - INFO - 1 change detected
2025-10-12 20:28:51,997 - watchfiles.main - INFO - 1 change detected
2025-10-12 20:28:52,349 - watchfiles.main - INFO - 1 change detected
2025-10-12 20:28:52,700 - watchfiles.main - INFO - 1 change detected
2025-10-12 20:28:53,052 - watchfiles.main - INFO - 1 change detected
2025-10-12 20:28:53,405 - watchfiles.main - INFO - 1 change detected
2025-10-12 20:28:53,757 - watchfiles.main - INFO - 1 change detected
2025-10-12 20:28:54,108 - watchfiles.main - INFO - 1 change detected
2025-10-12 20:28:54,460 - watchfiles.main - INFO - 1 change detected
2025-10-12 20:28:54,811 - watchfiles.main - INFO - 1 change detected
2025-10-12 20:28:55,163 - watchfiles.main - INFO - 1 change detected
2025-10-12 20:28:55,515 - watchfiles.main - INFO - 1 change detected
2025-10-12 20:28:55,867 - watchfiles.main - INFO - 1 change detected
2025-10-12 20:28:56,219 - watchfiles.main - INFO - 1 change detected
2025-10-12 20:28:56,571 - watchfiles.main - INFO - 1 change detected
2025-10-12 20:28:56,922 - watchfiles.main - INFO - 1 change detected
2025-10-12 20:28:57,274 - watchfiles.main - INFO - 1 change detected
2025-10-12 20:28:57,626 - watchfiles.main - INFO - 1 change detected
2025-10-12 20:28:57,978 - watchfiles.main - INFO - 1 change detected
2025-10-12 20:28:58,329 - watchfiles.main - INFO - 1 change detected
2025-10-12 20:28:58,680 - watchfiles.main - INFO - 1 change detected
2025-10-12 20:28:59,032 - watchfiles.main - INFO - 1 change detected
2025-10-12 20:28:59,384 - watchfiles.main - INFO - 1 change detected
2025-10-12 20:28:59,736 - watchfiles.main - INFO - 1 change detected
2025-10-12 20:29:00,087 - watchfiles.main - INFO - 1 change detected
2025-10-12 20:29:00,438 - watchfiles.main - INFO - 1 change detected
2025-10-12 20:29:00,789 - watchfiles.main - INFO - 1 change detected
2025-10-12 20:29:01,140 - watchfiles.main - INFO - 1 change detected
2025-10-12 20:29:01,506 - watchfiles.main - INFO - 1 change detected
2025-10-12 20:29:01,857 - watchfiles.main - INFO - 1 change detected
2025-10-12 20:29:02,208 - watchfiles.main - INFO - 1 change detected
2025-10-12 20:29:02,559 - watchfiles.main - INFO - 1 change detected
2025-10-12 20:29:02,910 - watchfiles.main - INFO - 1 change detected
2025-10-12 20:29:03,261 - watchfiles.main - INFO - 1 change detected
2025-10-12 20:29:03,612 - watchfiles.main - INFO - 1 change detected
2025-10-12 20:29:03,963 - watchfiles.main - INFO - 1 change detected
2025-10-12 20:29:04,314 - watchfiles.main - INFO - 1 change detected
2025-10-12 20:29:04,664 - watchfiles.main - INFO - 1 change detected
2025-10-12 20:29:05,016 - watchfiles.main - INFO - 1 change detected
2025-10-12 20:29:05,366 - watchfiles.main - INFO - 1 change detected
2025-10-12 20:29:05,718 - watchfiles.main - INFO - 1 change detected
2025-10-12 20:29:06,072 - watchfiles.main - INFO - 1 change detected
2025-10-12 20:29:06,425 - watchfiles.main - INFO - 1 change detected
2025-10-12 20:29:06,775 - watchfiles.main - INFO - 1 change detected
2025-10-12 20:29:07,126 - watchfiles.main - INFO - 1 change detected
2025-10-12 20:29:07,478 - watchfiles.main - INFO - 1 change detected
2025-10-12 20:29:07,829 - watchfiles.main - INFO - 1 change detected
2025-10-12 20:29:08,180 - watchfiles.main - INFO - 1 change detected
2025-10-12 20:29:08,532 - watchfiles.main - INFO - 1 change detected
2025-10-12 20:29:08,883 - watchfiles.main - INFO - 1 change detected
2025-10-12 20:29:09,235 - watchfiles.main - INFO - 1 change detected
2025-10-12 20:29:09,587 - watchfiles.main - INFO - 1 change detected
2025-10-12 20:29:09,940 - watchfiles.main - INFO - 1 change detected
2025-10-12 20:29:10,291 - watchfiles.main - INFO - 1 change detected
2025-10-12 20:29:10,642 - watchfiles.main - INFO - 1 change detected
2025-10-12 20:29:10,993 - watchfiles.main - INFO - 1 change detected
2025-10-12 20:29:11,346 - watchfiles.main - INFO - 1 change detected
2025-10-12 20:29:11,698 - watchfiles.main - INFO - 1 change detected
2025-10-12 20:29:12,049 - watchfiles.main - INFO - 1 change detected
2025-10-12 20:29:12,401 - watchfiles.main - INFO - 1 change detected
2025-10-12 20:29:12,753 - watchfiles.main - INFO - 1 change detected
2025-10-12 20:29:13,105 - watchfiles.main - INFO - 1 change detected
2025-10-12 20:29:13,457 - watchfiles.main - INFO - 1 change detected
2025-10-12 20:29:13,808 - watchfiles.main - INFO - 1 change detected
2025-10-12 20:29:14,160 - watchfiles.main - INFO - 1 change detected
2025-10-12 20:29:14,511 - watchfiles.main - INFO - 1 change detected
2025-10-12 20:29:14,862 - watchfiles.main - INFO - 1 change detected
2025-10-12 20:29:15,214 - watchfiles.main - INFO - 1 change detected
2025-10-12 20:29:15,567 - watchfiles.main - INFO - 1 change detected
2025-10-12 20:29:15,919 - watchfiles.main - INFO - 1 change detected
2025-10-12 20:29:16,271 - watchfiles.main - INFO - 1 change detected
2025-10-12 20:29:16,623 - watchfiles.main - INFO - 1 change detected
2025-10-12 20:29:16,975 - watchfiles.main - INFO - 1 change detected
2025-10-12 20:29:17,327 - watchfiles.main - INFO - 1 change detected
2025-10-12 20:29:17,678 - watchfiles.main - INFO - 1 change detected
2025-10-12 20:29:18,030 - watchfiles.main - INFO - 1 change detected
2025-10-12 20:29:18,382 - watchfiles.main - INFO - 1 change detected
2025-10-12 20:29:18,733 - watchfiles.main - INFO - 1 change detected
2025-10-12 20:29:19,085 - watchfiles.main - INFO - 1 change detected
2025-10-12 20:29:19,437 - watchfiles.main - INFO - 1 change detected
2025-10-12 20:29:19,789 - watchfiles.main - INFO - 1 change detected
2025-10-12 20:29:20,140 - watchfiles.main - INFO - 1 change detected
2025-10-12 20:29:20,492 - watchfiles.main - INFO - 1 change detected
2025-10-12 20:29:20,843 - watchfiles.main - INFO - 1 change detected
2025-10-12 20:29:21,195 - watchfiles.main - INFO - 1 change detected
2025-10-12 20:29:21,546 - watchfiles.main - INFO - 1 change detected
2025-10-12 20:29:21,898 - watchfiles.main - INFO - 1 change detected
2025-10-12 20:29:22,250 - watchfiles.main - INFO - 1 change detected
2025-10-12 20:29:22,601 - watchfiles.main - INFO - 1 change detected
2025-10-12 20:29:22,953 - watchfiles.main - INFO - 1 change detected
2025-10-12 20:29:23,305 - watchfiles.main - INFO - 1 change detected
2025-10-12 20:29:23,657 - watchfiles.main - INFO - 1 change detected
2025-10-12 20:29:24,009 - watchfiles.main - INFO - 1 change detected
2025-10-12 20:29:24,360 - watchfiles.main - INFO - 1 change detected
2025-10-12 20:29:24,712 - watchfiles.main - INFO - 1 change detected
2025-10-12 20:29:25,063 - watchfiles.main - INFO - 1 change detected
2025-10-12 20:29:25,415 - watchfiles.main - INFO - 1 change detected
2025-10-12 20:29:25,768 - watchfiles.main - INFO - 1 change detected
2025-10-12 20:29:26,120 - watchfiles.main - INFO - 1 change detected
2025-10-12 20:29:26,472 - watchfiles.main - INFO - 1 change detected
2025-10-12 20:29:26,823 - watchfiles.main - INFO - 1 change detected
2025-10-12 20:29:27,174 - watchfiles.main - INFO - 1 change detected
2025-10-12 20:29:27,526 - watchfiles.main - INFO - 1 change detected
2025-10-12 20:29:27,878 - watchfiles.main - INFO - 1 change detected
2025-10-12 20:29:28,230 - watchfiles.main - INFO - 1 change detected
2025-10-12 20:29:28,582 - watchfiles.main - INFO - 1 change detected
2025-10-12 20:29:28,934 - watchfiles.main - INFO - 1 change detected
2025-10-12 20:29:29,286 - watchfiles.main - INFO - 1 change detected
2025-10-12 20:29:29,638 - watchfiles.main - INFO - 1 change detected
2025-10-12 20:29:29,989 - watchfiles.main - INFO - 1 change detected
2025-10-12 20:29:30,341 - watchfiles.main - INFO - 1 change detected
2025-10-12 20:29:30,692 - watchfiles.main - INFO - 1 change detected
2025-10-12 20:29:31,044 - watchfiles.main - INFO - 1 change detected
2025-10-12 20:29:31,396 - watchfiles.main - INFO - 1 change detected
2025-10-12 20:29:31,748 - watchfiles.main - INFO - 1 change detected
2025-10-12 20:29:32,099 - watchfiles.main - INFO - 1 change detected
2025-10-12 20:29:32,450 - watchfiles.main - INFO - 1 change detected
2025-10-12 20:29:32,801 - watchfiles.main - INFO - 1 change detected
2025-10-12 20:29:33,153 - watchfiles.main - INFO - 1 change detected
2025-10-12 20:29:33,505 - watchfiles.main - INFO - 1 change detected
2025-10-12 20:29:33,856 - watchfiles.main - INFO - 1 change detected
2025-10-12 20:29:34,208 - watchfiles.main - INFO - 1 change detected
2025-10-12 20:29:34,559 - watchfiles.main - INFO - 1 change detected
2025-10-12 20:29:34,910 - watchfiles.main - INFO - 1 change detected
2025-10-12 20:29:35,261 - watchfiles.main - INFO - 1 change detected
2025-10-12 20:29:35,613 - watchfiles.main - INFO - 1 change detected
2025-10-12 20:29:35,965 - watchfiles.main - INFO - 1 change detected
2025-10-12 20:29:36,317 - watchfiles.main - INFO - 1 change detected
2025-10-12 20:29:36,669 - watchfiles.main - INFO - 1 change detected
2025-10-12 20:29:37,020 - watchfiles.main - INFO - 1 change detected
2025-10-12 20:29:37,371 - watchfiles.main - INFO - 1 change detected
2025-10-12 20:29:37,723 - watchfiles.main - INFO - 1 change detected
2025-10-12 20:29:38,075 - watchfiles.main - INFO - 1 change detected
2025-10-12 20:29:38,426 - watchfiles.main - INFO - 1 change detected
2025-10-12 20:29:38,777 - watchfiles.main - INFO - 1 change detected
2025-10-12 20:29:39,128 - watchfiles.main - INFO - 1 change detected
2025-10-12 20:29:39,479 - watchfiles.main - INFO - 1 change detected
2025-10-12 20:29:39,831 - watchfiles.main - INFO - 1 change detected
2025-10-12 20:29:40,182 - watchfiles.main - INFO - 1 change detected
2025-10-12 20:29:40,534 - watchfiles.main - INFO - 1 change detected
2025-10-12 20:29:40,886 - watchfiles.main - INFO - 1 change detected
2025-10-12 20:29:41,237 - watchfiles.main - INFO - 1 change detected
2025-10-12 20:29:41,589 - watchfiles.main - INFO - 1 change detected
2025-10-12 20:29:41,940 - watchfiles.main - INFO - 1 change detected
2025-10-12 20:29:42,292 - watchfiles.main - INFO - 1 change detected
2025-10-12 20:29:42,643 - watchfiles.main - INFO - 1 change detected
2025-10-12 20:29:42,995 - watchfiles.main - INFO - 1 change detected
2025-10-12 20:29:43,347 - watchfiles.main - INFO - 1 change detected
2025-10-12 20:29:43,699 - watchfiles.main - INFO - 1 change detected
2025-10-12 20:29:44,051 - watchfiles.main - INFO - 1 change detected
2025-10-12 20:29:44,403 - watchfiles.main - INFO - 1 change detected
2025-10-12 20:29:44,755 - watchfiles.main - INFO - 1 change detected
2025-10-12 20:29:45,107 - watchfiles.main - INFO - 1 change detected
2025-10-12 20:29:45,458 - watchfiles.main - INFO - 1 change detected
2025-10-12 20:29:45,810 - watchfiles.main - INFO - 1 change detected
2025-10-12 20:29:46,162 - watchfiles.main - INFO - 1 change detected
2025-10-12 20:29:46,514 - watchfiles.main - INFO - 1 change detected
2025-10-12 20:29:46,865 - watchfiles.main - INFO - 1 change detected
2025-10-12 20:29:47,217 - watchfiles.main - INFO - 1 change detected
2025-10-12 20:29:47,569 - watchfiles.main - INFO - 1 change detected
2025-10-12 20:29:47,921 - watchfiles.main - INFO - 1 change detected
2025-10-12 20:29:48,273 - watchfiles.main - INFO - 1 change detected
2025-10-12 20:29:48,625 - watchfiles.main - INFO - 1 change detected
2025-10-12 20:29:48,977 - watchfiles.main - INFO - 1 change detected
2025-10-12 20:29:49,328 - watchfiles.main - INFO - 1 change detected
2025-10-12 20:29:49,680 - watchfiles.main - INFO - 1 change detected
2025-10-12 20:29:50,032 - watchfiles.main - INFO - 1 change detected
2025-10-12 20:29:50,383 - watchfiles.main - INFO - 1 change detected
2025-10-12 20:29:50,735 - watchfiles.main - INFO - 1 change detected
2025-10-12 20:29:51,087 - watchfiles.main - INFO - 1 change detected
2025-10-12 20:29:51,438 - watchfiles.main - INFO - 1 change detected
2025-10-12 20:29:51,790 - watchfiles.main - INFO - 1 change detected
2025-10-12 20:29:52,141 - watchfiles.main - INFO - 1 change detected
2025-10-12 20:29:52,493 - watchfiles.main - INFO - 1 change detected
2025-10-12 20:29:52,844 - watchfiles.main - INFO - 1 change detected
2025-10-12 20:29:53,196 - watchfiles.main - INFO - 1 change detected
2025-10-12 20:29:53,547 - watchfiles.main - INFO - 1 change detected
2025-10-12 20:29:53,899 - watchfiles.main - INFO - 1 change detected
2025-10-12 20:29:54,251 - watchfiles.main - INFO - 1 change detected
2025-10-12 20:29:54,603 - watchfiles.main - INFO - 1 change detected
2025-10-12 20:29:54,955 - watchfiles.main - INFO - 1 change detected
2025-10-12 20:29:55,307 - watchfiles.main - INFO - 1 change detected
2025-10-12 20:29:55,659 - watchfiles.main - INFO - 1 change detected
2025-10-12 20:29:56,011 - watchfiles.main - INFO - 1 change detected
2025-10-12 20:29:56,362 - watchfiles.main - INFO - 1 change detected
2025-10-12 20:29:56,714 - watchfiles.main - INFO - 1 change detected
2025-10-12 20:29:57,066 - watchfiles.main - INFO - 1 change detected
2025-10-12 20:29:57,417 - watchfiles.main - INFO - 1 change detected
2025-10-12 20:29:57,769 - watchfiles.main - INFO - 1 change detected
2025-10-12 20:29:58,121 - watchfiles.main - INFO - 1 change detected
2025-10-12 20:29:58,472 - watchfiles.main - INFO - 1 change detected
2025-10-12 20:29:58,824 - watchfiles.main - INFO - 1 change detected
2025-10-12 20:29:59,175 - watchfiles.main - INFO - 1 change detected
2025-10-12 20:29:59,526 - watchfiles.main - INFO - 1 change detected
2025-10-12 20:29:59,878 - watchfiles.main - INFO - 1 change detected
2025-10-12 20:30:00,230 - watchfiles.main - INFO - 1 change detected
2025-10-12 20:30:00,582 - watchfiles.main - INFO - 1 change detected
2025-10-12 20:30:00,933 - watchfiles.main - INFO - 1 change detected
2025-10-12 20:30:01,283 - watchfiles.main - INFO - 1 change detected
2025-10-12 20:30:01,635 - watchfiles.main - INFO - 1 change detected
2025-10-12 20:30:01,987 - watchfiles.main - INFO - 1 change detected
2025-10-12 20:30:02,341 - watchfiles.main - INFO - 1 change detected
2025-10-12 20:30:02,692 - watchfiles.main - INFO - 1 change detected
2025-10-12 20:30:03,044 - watchfiles.main - INFO - 1 change detected
2025-10-12 20:30:03,395 - watchfiles.main - INFO - 1 change detected
2025-10-12 20:30:03,746 - watchfiles.main - INFO - 1 change detected
2025-10-12 20:30:04,097 - watchfiles.main - INFO - 1 change detected
2025-10-12 20:30:04,448 - watchfiles.main - INFO - 1 change detected
2025-10-12 20:30:04,799 - watchfiles.main - INFO - 1 change detected
2025-10-12 20:30:05,151 - watchfiles.main - INFO - 1 change detected
2025-10-12 20:30:05,502 - watchfiles.main - INFO - 1 change detected
2025-10-12 20:30:05,854 - watchfiles.main - INFO - 1 change detected
2025-10-12 20:30:06,206 - watchfiles.main - INFO - 1 change detected
2025-10-12 20:30:06,558 - watchfiles.main - INFO - 1 change detected
2025-10-12 20:30:06,909 - watchfiles.main - INFO - 1 change detected
2025-10-12 20:30:07,260 - watchfiles.main - INFO - 1 change detected
2025-10-12 20:30:07,611 - watchfiles.main - INFO - 1 change detected
2025-10-12 20:30:07,963 - watchfiles.main - INFO - 1 change detected
2025-10-12 20:30:08,314 - watchfiles.main - INFO - 1 change detected
2025-10-12 20:30:08,665 - watchfiles.main - INFO - 1 change detected
2025-10-12 20:30:09,017 - watchfiles.main - INFO - 1 change detected
2025-10-12 20:30:09,371 - watchfiles.main - INFO - 1 change detected
2025-10-12 20:30:09,726 - watchfiles.main - INFO - 1 change detected
2025-10-12 20:30:10,079 - watchfiles.main - INFO - 1 change detected
2025-10-12 20:30:10,430 - watchfiles.main - INFO - 1 change detected
2025-10-12 20:30:10,781 - watchfiles.main - INFO - 1 change detected
2025-10-12 20:30:11,132 - watchfiles.main - INFO - 1 change detected
2025-10-12 20:30:11,483 - watchfiles.main - INFO - 1 change detected
2025-10-12 20:30:11,834 - watchfiles.main - INFO - 1 change detected
2025-10-12 20:30:12,186 - watchfiles.main - INFO - 1 change detected
2025-10-12 20:30:12,538 - watchfiles.main - INFO - 1 change detected
2025-10-12 20:30:12,890 - watchfiles.main - INFO - 1 change detected
2025-10-12 20:30:13,242 - watchfiles.main - INFO - 1 change detected
2025-10-12 20:30:13,594 - watchfiles.main - INFO - 1 change detected
2025-10-12 20:30:13,945 - watchfiles.main - INFO - 1 change detected
2025-10-12 20:30:14,297 - watchfiles.main - INFO - 1 change detected
2025-10-12 20:30:14,648 - watchfiles.main - INFO - 1 change detected
2025-10-12 20:30:15,000 - watchfiles.main - INFO - 1 change detected
2025-10-12 20:30:15,351 - watchfiles.main - INFO - 1 change detected
2025-10-12 20:30:15,703 - watchfiles.main - INFO - 1 change detected
2025-10-12 20:30:16,054 - watchfiles.main - INFO - 1 change detected
2025-10-12 20:30:16,407 - watchfiles.main - INFO - 1 change detected
2025-10-12 20:30:16,760 - watchfiles.main - INFO - 4 changes detected
2025-10-12 20:30:17,114 - watchfiles.main - INFO - 1 change detected
2025-10-12 20:30:17,465 - watchfiles.main - INFO - 1 change detected
2025-10-12 20:30:17,817 - watchfiles.main - INFO - 1 change detected
2025-10-12 20:30:18,169 - watchfiles.main - INFO - 1 change detected
2025-10-12 20:30:18,520 - watchfiles.main - INFO - 1 change detected
2025-10-12 20:30:18,876 - watchfiles.main - INFO - 1 change detected
2025-10-12 20:30:19,227 - watchfiles.main - INFO - 1 change detected
2025-10-12 20:30:19,580 - watchfiles.main - INFO - 1 change detected
2025-10-12 20:30:19,931 - watchfiles.main - INFO - 1 change detected
2025-10-12 20:30:20,282 - watchfiles.main - INFO - 1 change detected
2025-10-12 20:30:20,633 - watchfiles.main - INFO - 1 change detected
2025-10-12 20:30:20,984 - watchfiles.main - INFO - 1 change detected
2025-10-12 20:30:21,335 - watchfiles.main - INFO - 1 change detected
2025-10-12 20:30:21,686 - watchfiles.main - INFO - 1 change detected
2025-10-12 20:30:22,037 - watchfiles.main - INFO - 1 change detected
2025-10-12 20:30:22,394 - watchfiles.main - INFO - 1 change detected
2025-10-12 20:30:22,745 - watchfiles.main - INFO - 1 change detected
2025-10-12 20:30:23,096 - watchfiles.main - INFO - 1 change detected
2025-10-12 20:30:23,447 - watchfiles.main - INFO - 1 change detected
2025-10-12 20:30:23,798 - watchfiles.main - INFO - 1 change detected
2025-10-12 20:30:24,152 - watchfiles.main - INFO - 1 change detected
2025-10-12 20:30:24,504 - watchfiles.main - INFO - 1 change detected
2025-10-12 20:30:24,855 - watchfiles.main - INFO - 2 changes detected
WARNING:  WatchFiles detected changes in 'test_climate_derivatives.py'. Reloading...
2025-10-12 20:30:25,212 - watchfiles.main - INFO - 1 change detected
2025-10-12 20:30:25,563 - watchfiles.main - INFO - 1 change detected
2025-10-12 20:30:25,914 - watchfiles.main - INFO - 1 change detected
2025-10-12 20:30:26,265 - watchfiles.main - INFO - 1 change detected
2025-10-12 20:30:26,619 - watchfiles.main - INFO - 1 change detected
2025-10-12 20:30:26,970 - watchfiles.main - INFO - 1 change detected
2025-10-12 20:30:27,325 - watchfiles.main - INFO - 1 change detected
2025-10-12 20:30:27,677 - watchfiles.main - INFO - 1 change detected
2025-10-12 20:30:28,028 - watchfiles.main - INFO - 1 change detected
2025-10-12 20:30:28,379 - watchfiles.main - INFO - 1 change detected
2025-10-12 20:30:28,733 - watchfiles.main - INFO - 1 change detected
2025-10-12 20:30:29,087 - watchfiles.main - INFO - 1 change detected
2025-10-12 20:30:29,442 - watchfiles.main - INFO - 1 change detected
2025-10-12 20:30:29,797 - watchfiles.main - INFO - 1 change detected
2025-10-12 20:30:30,151 - watchfiles.main - INFO - 1 change detected
2025-10-12 20:30:30,503 - watchfiles.main - INFO - 1 change detected
Traceback (most recent call last):
  File "<string>", line 1, in <module>
  File "/usr/lib/python3.12/multiprocessing/spawn.py", line 122, in spawn_main
    exitcode = _main(fd, parent_sentinel)
               ^^^^^^^^^^^^^^^^^^^^^^^^^^
  File "/usr/lib/python3.12/multiprocessing/spawn.py", line 131, in _main
    prepare(preparation_data)
  File "/usr/lib/python3.12/multiprocessing/spawn.py", line 246, in prepare
    _fixup_main_from_path(data['init_main_from_path'])
  File "/usr/lib/python3.12/multiprocessing/spawn.py", line 297, in _fixup_main_from_path
    main_content = runpy.run_path(main_path,
                   ^^^^^^^^^^^^^^^^^^^^^^^^^
  File "<frozen runpy>", line 286, in run_path
  File "<frozen runpy>", line 98, in _run_module_code
  File "<frozen runpy>", line 88, in _run_code
  File "/home/artha/climateAI/server/main.py", line 87, in <module>
    from api.modelagem import router as modelagem_router
  File "/home/artha/climateAI/server/api/modelagem.py", line 173, in <module>
    @router.post("/derivativos-climaticos/comparar-cenarios")
     ^^^^^^^^^^^^^^^^^^^^^^^^^^^^^^^^^^^^^^^^^^^^^^^^^^^^^^^^
  File "/home/artha/.local/lib/python3.12/site-packages/fastapi/routing.py", line 992, in decorator
    self.add_api_route(
  File "/home/artha/.local/lib/python3.12/site-packages/fastapi/routing.py", line 931, in add_api_route
    route = route_class(
            ^^^^^^^^^^^^
  File "/home/artha/.local/lib/python3.12/site-packages/fastapi/routing.py", line 552, in __init__
    self.dependant = get_dependant(path=self.path_format, call=self.endpoint)
                     ^^^^^^^^^^^^^^^^^^^^^^^^^^^^^^^^^^^^^^^^^^^^^^^^^^^^^^^^
  File "/home/artha/.local/lib/python3.12/site-packages/fastapi/dependencies/utils.py", line 277, in get_dependant
    param_details = analyze_param(
                    ^^^^^^^^^^^^^^
  File "/home/artha/.local/lib/python3.12/site-packages/fastapi/dependencies/utils.py", line 492, in analyze_param
    is_scalar_field(field)
AssertionError
2025-10-12 20:30:30,856 - watchfiles.main - INFO - 1 change detected
2025-10-12 20:30:31,207 - watchfiles.main - INFO - 1 change detected
2025-10-12 20:30:31,562 - watchfiles.main - INFO - 1 change detected
2025-10-12 20:30:31,918 - watchfiles.main - INFO - 1 change detected
2025-10-12 20:30:32,270 - watchfiles.main - INFO - 1 change detected
2025-10-12 20:30:32,630 - watchfiles.main - INFO - 1 change detected
2025-10-12 20:30:32,983 - watchfiles.main - INFO - 1 change detected
2025-10-12 20:30:33,335 - watchfiles.main - INFO - 1 change detected
2025-10-12 20:30:33,686 - watchfiles.main - INFO - 1 change detected
2025-10-12 20:30:34,037 - watchfiles.main - INFO - 1 change detected
2025-10-12 20:30:34,388 - watchfiles.main - INFO - 1 change detected
2025-10-12 20:30:34,740 - watchfiles.main - INFO - 1 change detected
2025-10-12 20:30:35,093 - watchfiles.main - INFO - 1 change detected
2025-10-12 20:30:35,445 - watchfiles.main - INFO - 1 change detected
2025-10-12 20:30:35,797 - watchfiles.main - INFO - 2 changes detected
WARNING:  WatchFiles detected changes in 'test_climate_derivatives.py'. Reloading...
2025-10-12 20:30:36,151 - watchfiles.main - INFO - 1 change detected
2025-10-12 20:30:36,502 - watchfiles.main - INFO - 1 change detected
2025-10-12 20:30:36,854 - watchfiles.main - INFO - 1 change detected
2025-10-12 20:30:37,207 - watchfiles.main - INFO - 1 change detected
2025-10-12 20:30:37,559 - watchfiles.main - INFO - 1 change detected
2025-10-12 20:30:37,912 - watchfiles.main - INFO - 1 change detected
2025-10-12 20:30:38,267 - watchfiles.main - INFO - 1 change detected
2025-10-12 20:30:38,626 - watchfiles.main - INFO - 1 change detected
2025-10-12 20:30:38,978 - watchfiles.main - INFO - 1 change detected
2025-10-12 20:30:39,331 - watchfiles.main - INFO - 1 change detected
2025-10-12 20:30:39,682 - watchfiles.main - INFO - 1 change detected
2025-10-12 20:30:40,034 - watchfiles.main - INFO - 1 change detected
2025-10-12 20:30:40,386 - watchfiles.main - INFO - 1 change detected
2025-10-12 20:30:40,741 - watchfiles.main - INFO - 1 change detected
2025-10-12 20:30:41,093 - watchfiles.main - INFO - 1 change detected
Traceback (most recent call last):
  File "<string>", line 1, in <module>
  File "/usr/lib/python3.12/multiprocessing/spawn.py", line 122, in spawn_main
    exitcode = _main(fd, parent_sentinel)
               ^^^^^^^^^^^^^^^^^^^^^^^^^^
  File "/usr/lib/python3.12/multiprocessing/spawn.py", line 131, in _main
    prepare(preparation_data)
  File "/usr/lib/python3.12/multiprocessing/spawn.py", line 246, in prepare
    _fixup_main_from_path(data['init_main_from_path'])
  File "/usr/lib/python3.12/multiprocessing/spawn.py", line 297, in _fixup_main_from_path
    main_content = runpy.run_path(main_path,
                   ^^^^^^^^^^^^^^^^^^^^^^^^^
  File "<frozen runpy>", line 286, in run_path
  File "<frozen runpy>", line 98, in _run_module_code
  File "<frozen runpy>", line 88, in _run_code
  File "/home/artha/climateAI/server/main.py", line 87, in <module>
    from api.modelagem import router as modelagem_router
  File "/home/artha/climateAI/server/api/modelagem.py", line 173, in <module>
    @router.post("/derivativos-climaticos/comparar-cenarios")
     ^^^^^^^^^^^^^^^^^^^^^^^^^^^^^^^^^^^^^^^^^^^^^^^^^^^^^^^^
  File "/home/artha/.local/lib/python3.12/site-packages/fastapi/routing.py", line 992, in decorator
    self.add_api_route(
  File "/home/artha/.local/lib/python3.12/site-packages/fastapi/routing.py", line 931, in add_api_route
    route = route_class(
            ^^^^^^^^^^^^
  File "/home/artha/.local/lib/python3.12/site-packages/fastapi/routing.py", line 552, in __init__
    self.dependant = get_dependant(path=self.path_format, call=self.endpoint)
                     ^^^^^^^^^^^^^^^^^^^^^^^^^^^^^^^^^^^^^^^^^^^^^^^^^^^^^^^^
  File "/home/artha/.local/lib/python3.12/site-packages/fastapi/dependencies/utils.py", line 277, in get_dependant
    param_details = analyze_param(
                    ^^^^^^^^^^^^^^
  File "/home/artha/.local/lib/python3.12/site-packages/fastapi/dependencies/utils.py", line 492, in analyze_param
    is_scalar_field(field)
AssertionError
2025-10-12 20:30:41,450 - watchfiles.main - INFO - 1 change detected
2025-10-12 20:30:41,804 - watchfiles.main - INFO - 1 change detected
2025-10-12 20:30:42,155 - watchfiles.main - INFO - 1 change detected
2025-10-12 20:30:42,508 - watchfiles.main - INFO - 1 change detected
2025-10-12 20:30:42,859 - watchfiles.main - INFO - 1 change detected
2025-10-12 20:30:43,216 - watchfiles.main - INFO - 1 change detected
2025-10-12 20:30:43,568 - watchfiles.main - INFO - 1 change detected
2025-10-12 20:30:43,919 - watchfiles.main - INFO - 1 change detected
2025-10-12 20:30:44,269 - watchfiles.main - INFO - 1 change detected
2025-10-12 20:30:44,620 - watchfiles.main - INFO - 1 change detected
2025-10-12 20:30:44,971 - watchfiles.main - INFO - 1 change detected
2025-10-12 20:30:45,323 - watchfiles.main - INFO - 1 change detected
2025-10-12 20:30:45,674 - watchfiles.main - INFO - 1 change detected
2025-10-12 20:30:46,026 - watchfiles.main - INFO - 1 change detected
2025-10-12 20:30:46,377 - watchfiles.main - INFO - 1 change detected
2025-10-12 20:30:46,729 - watchfiles.main - INFO - 1 change detected
2025-10-12 20:30:47,080 - watchfiles.main - INFO - 1 change detected
2025-10-12 20:30:47,431 - watchfiles.main - INFO - 1 change detected
2025-10-12 20:30:47,782 - watchfiles.main - INFO - 1 change detected
2025-10-12 20:30:48,133 - watchfiles.main - INFO - 1 change detected
2025-10-12 20:30:48,485 - watchfiles.main - INFO - 1 change detected
2025-10-12 20:30:48,836 - watchfiles.main - INFO - 1 change detected
2025-10-12 20:30:49,187 - watchfiles.main - INFO - 1 change detected
2025-10-12 20:30:49,538 - watchfiles.main - INFO - 1 change detected
2025-10-12 20:30:49,888 - watchfiles.main - INFO - 1 change detected
2025-10-12 20:30:50,240 - watchfiles.main - INFO - 1 change detected
2025-10-12 20:30:50,591 - watchfiles.main - INFO - 1 change detected
2025-10-12 20:30:50,945 - watchfiles.main - INFO - 1 change detected
2025-10-12 20:30:51,296 - watchfiles.main - INFO - 1 change detected
2025-10-12 20:30:51,648 - watchfiles.main - INFO - 1 change detected
2025-10-12 20:30:51,999 - watchfiles.main - INFO - 1 change detected
2025-10-12 20:30:52,352 - watchfiles.main - INFO - 1 change detected
2025-10-12 20:30:52,704 - watchfiles.main - INFO - 1 change detected
2025-10-12 20:30:53,061 - watchfiles.main - INFO - 1 change detected
2025-10-12 20:30:53,412 - watchfiles.main - INFO - 1 change detected
2025-10-12 20:30:53,763 - watchfiles.main - INFO - 1 change detected
2025-10-12 20:30:54,114 - watchfiles.main - INFO - 1 change detected
2025-10-12 20:30:54,465 - watchfiles.main - INFO - 1 change detected
2025-10-12 20:30:54,816 - watchfiles.main - INFO - 1 change detected
2025-10-12 20:30:55,167 - watchfiles.main - INFO - 1 change detected
2025-10-12 20:30:55,518 - watchfiles.main - INFO - 1 change detected
2025-10-12 20:30:55,869 - watchfiles.main - INFO - 1 change detected
2025-10-12 20:30:56,220 - watchfiles.main - INFO - 1 change detected
2025-10-12 20:30:56,571 - watchfiles.main - INFO - 1 change detected
2025-10-12 20:30:56,922 - watchfiles.main - INFO - 1 change detected
2025-10-12 20:30:57,272 - watchfiles.main - INFO - 1 change detected
2025-10-12 20:30:57,624 - watchfiles.main - INFO - 1 change detected
2025-10-12 20:30:57,976 - watchfiles.main - INFO - 1 change detected
2025-10-12 20:30:58,330 - watchfiles.main - INFO - 1 change detected
2025-10-12 20:30:58,687 - watchfiles.main - INFO - 1 change detected
2025-10-12 20:30:59,040 - watchfiles.main - INFO - 2 changes detected
WARNING:  WatchFiles detected changes in 'services/climate_derivative_pricer.py'. Reloading...
2025-10-12 20:30:59,406 - watchfiles.main - INFO - 1 change detected
2025-10-12 20:30:59,758 - watchfiles.main - INFO - 1 change detected
2025-10-12 20:31:00,113 - watchfiles.main - INFO - 1 change detected
2025-10-12 20:31:00,471 - watchfiles.main - INFO - 1 change detected
2025-10-12 20:31:00,823 - watchfiles.main - INFO - 1 change detected
2025-10-12 20:31:01,179 - watchfiles.main - INFO - 1 change detected
2025-10-12 20:31:01,622 - watchfiles.main - INFO - 1 change detected
2025-10-12 20:31:01,982 - watchfiles.main - INFO - 1 change detected
2025-10-12 20:31:02,340 - watchfiles.main - INFO - 1 change detected
2025-10-12 20:31:02,696 - watchfiles.main - INFO - 1 change detected
2025-10-12 20:31:03,049 - watchfiles.main - INFO - 1 change detected
2025-10-12 20:31:03,409 - watchfiles.main - INFO - 1 change detected
2025-10-12 20:31:03,764 - watchfiles.main - INFO - 1 change detected
2025-10-12 20:31:04,116 - watchfiles.main - INFO - 1 change detected
2025-10-12 20:31:04,468 - watchfiles.main - INFO - 1 change detected
2025-10-12 20:31:04,823 - watchfiles.main - INFO - 1 change detected
2025-10-12 20:31:05,179 - watchfiles.main - INFO - 1 change detected
2025-10-12 20:31:05,535 - watchfiles.main - INFO - 1 change detected
Traceback (most recent call last):
  File "<string>", line 1, in <module>
  File "/usr/lib/python3.12/multiprocessing/spawn.py", line 122, in spawn_main
    exitcode = _main(fd, parent_sentinel)
               ^^^^^^^^^^^^^^^^^^^^^^^^^^
  File "/usr/lib/python3.12/multiprocessing/spawn.py", line 131, in _main
    prepare(preparation_data)
  File "/usr/lib/python3.12/multiprocessing/spawn.py", line 246, in prepare
    _fixup_main_from_path(data['init_main_from_path'])
  File "/usr/lib/python3.12/multiprocessing/spawn.py", line 297, in _fixup_main_from_path
    main_content = runpy.run_path(main_path,
                   ^^^^^^^^^^^^^^^^^^^^^^^^^
  File "<frozen runpy>", line 286, in run_path
  File "<frozen runpy>", line 98, in _run_module_code
  File "<frozen runpy>", line 88, in _run_code
  File "/home/artha/climateAI/server/main.py", line 87, in <module>
    from api.modelagem import router as modelagem_router
  File "/home/artha/climateAI/server/api/modelagem.py", line 173, in <module>
    @router.post("/derivativos-climaticos/comparar-cenarios")
     ^^^^^^^^^^^^^^^^^^^^^^^^^^^^^^^^^^^^^^^^^^^^^^^^^^^^^^^^
  File "/home/artha/.local/lib/python3.12/site-packages/fastapi/routing.py", line 992, in decorator
    self.add_api_route(
  File "/home/artha/.local/lib/python3.12/site-packages/fastapi/routing.py", line 931, in add_api_route
    route = route_class(
            ^^^^^^^^^^^^
  File "/home/artha/.local/lib/python3.12/site-packages/fastapi/routing.py", line 552, in __init__
    self.dependant = get_dependant(path=self.path_format, call=self.endpoint)
                     ^^^^^^^^^^^^^^^^^^^^^^^^^^^^^^^^^^^^^^^^^^^^^^^^^^^^^^^^
  File "/home/artha/.local/lib/python3.12/site-packages/fastapi/dependencies/utils.py", line 277, in get_dependant
    param_details = analyze_param(
                    ^^^^^^^^^^^^^^
  File "/home/artha/.local/lib/python3.12/site-packages/fastapi/dependencies/utils.py", line 492, in analyze_param
2025-10-12 20:31:05,887 - watchfiles.main - INFO - 1 change detected
    is_scalar_field(field)
AssertionError
2025-10-12 20:31:06,250 - watchfiles.main - INFO - 1 change detected
2025-10-12 20:31:06,606 - watchfiles.main - INFO - 1 change detected
2025-10-12 20:31:06,958 - watchfiles.main - INFO - 1 change detected
2025-10-12 20:31:07,309 - watchfiles.main - INFO - 1 change detected
2025-10-12 20:31:07,662 - watchfiles.main - INFO - 1 change detected
2025-10-12 20:31:08,016 - watchfiles.main - INFO - 1 change detected
2025-10-12 20:31:08,369 - watchfiles.main - INFO - 1 change detected
2025-10-12 20:31:08,720 - watchfiles.main - INFO - 1 change detected
2025-10-12 20:31:09,073 - watchfiles.main - INFO - 1 change detected
2025-10-12 20:31:09,435 - watchfiles.main - INFO - 1 change detected
2025-10-12 20:31:09,787 - watchfiles.main - INFO - 1 change detected
2025-10-12 20:31:10,138 - watchfiles.main - INFO - 1 change detected
2025-10-12 20:31:10,489 - watchfiles.main - INFO - 1 change detected
2025-10-12 20:31:10,842 - watchfiles.main - INFO - 1 change detected
2025-10-12 20:31:11,193 - watchfiles.main - INFO - 1 change detected
2025-10-12 20:31:11,544 - watchfiles.main - INFO - 1 change detected
2025-10-12 20:31:11,895 - watchfiles.main - INFO - 1 change detected
2025-10-12 20:31:12,248 - watchfiles.main - INFO - 1 change detected
2025-10-12 20:31:12,601 - watchfiles.main - INFO - 1 change detected
2025-10-12 20:31:12,952 - watchfiles.main - INFO - 1 change detected
2025-10-12 20:31:13,303 - watchfiles.main - INFO - 1 change detected
2025-10-12 20:31:13,654 - watchfiles.main - INFO - 1 change detected
2025-10-12 20:31:14,006 - watchfiles.main - INFO - 1 change detected
2025-10-12 20:31:14,358 - watchfiles.main - INFO - 1 change detected
2025-10-12 20:31:14,710 - watchfiles.main - INFO - 1 change detected
2025-10-12 20:31:15,062 - watchfiles.main - INFO - 1 change detected
2025-10-12 20:31:15,413 - watchfiles.main - INFO - 1 change detected
2025-10-12 20:31:15,765 - watchfiles.main - INFO - 4 changes detected
2025-10-12 20:31:16,116 - watchfiles.main - INFO - 1 change detected
2025-10-12 20:31:16,471 - watchfiles.main - INFO - 1 change detected
2025-10-12 20:31:16,822 - watchfiles.main - INFO - 1 change detected
2025-10-12 20:31:17,177 - watchfiles.main - INFO - 1 change detected
2025-10-12 20:31:17,528 - watchfiles.main - INFO - 1 change detected
2025-10-12 20:31:17,879 - watchfiles.main - INFO - 1 change detected
2025-10-12 20:31:18,230 - watchfiles.main - INFO - 1 change detected
2025-10-12 20:31:18,583 - watchfiles.main - INFO - 1 change detected
2025-10-12 20:31:18,934 - watchfiles.main - INFO - 1 change detected
2025-10-12 20:31:19,285 - watchfiles.main - INFO - 1 change detected
2025-10-12 20:31:19,636 - watchfiles.main - INFO - 1 change detected
2025-10-12 20:31:19,987 - watchfiles.main - INFO - 1 change detected
2025-10-12 20:31:20,338 - watchfiles.main - INFO - 1 change detected
2025-10-12 20:31:20,689 - watchfiles.main - INFO - 1 change detected
2025-10-12 20:31:21,041 - watchfiles.main - INFO - 1 change detected
2025-10-12 20:31:21,396 - watchfiles.main - INFO - 1 change detected
2025-10-12 20:31:21,749 - watchfiles.main - INFO - 1 change detected
2025-10-12 20:31:22,100 - watchfiles.main - INFO - 1 change detected
2025-10-12 20:31:22,451 - watchfiles.main - INFO - 1 change detected
2025-10-12 20:31:22,802 - watchfiles.main - INFO - 1 change detected
2025-10-12 20:31:23,154 - watchfiles.main - INFO - 1 change detected
2025-10-12 20:31:23,505 - watchfiles.main - INFO - 1 change detected
2025-10-12 20:31:23,857 - watchfiles.main - INFO - 1 change detected
2025-10-12 20:31:24,208 - watchfiles.main - INFO - 1 change detected
2025-10-12 20:31:24,560 - watchfiles.main - INFO - 1 change detected
2025-10-12 20:31:24,911 - watchfiles.main - INFO - 1 change detected
2025-10-12 20:31:25,295 - watchfiles.main - INFO - 1 change detected
2025-10-12 20:31:25,686 - watchfiles.main - INFO - 1 change detected
2025-10-12 20:31:26,038 - watchfiles.main - INFO - 2 changes detected
WARNING:  WatchFiles detected changes in 'test_climate_derivatives.py'. Reloading...
2025-10-12 20:31:26,418 - watchfiles.main - INFO - 1 change detected
2025-10-12 20:31:26,770 - watchfiles.main - INFO - 1 change detected
2025-10-12 20:31:27,121 - watchfiles.main - INFO - 1 change detected
2025-10-12 20:31:27,486 - watchfiles.main - INFO - 1 change detected
2025-10-12 20:31:27,838 - watchfiles.main - INFO - 1 change detected
2025-10-12 20:31:28,189 - watchfiles.main - INFO - 1 change detected
2025-10-12 20:31:28,597 - watchfiles.main - INFO - 1 change detected
2025-10-12 20:31:28,947 - watchfiles.main - INFO - 1 change detected
2025-10-12 20:31:29,298 - watchfiles.main - INFO - 1 change detected
2025-10-12 20:31:29,831 - watchfiles.main - INFO - 1 change detected
2025-10-12 20:31:30,187 - watchfiles.main - INFO - 1 change detected
2025-10-12 20:31:30,537 - watchfiles.main - INFO - 1 change detected
2025-10-12 20:31:30,893 - watchfiles.main - INFO - 1 change detected
2025-10-12 20:31:31,244 - watchfiles.main - INFO - 1 change detected
2025-10-12 20:31:31,633 - watchfiles.main - INFO - 1 change detected
2025-10-12 20:31:31,985 - watchfiles.main - INFO - 1 change detected
2025-10-12 20:31:32,335 - watchfiles.main - INFO - 1 change detected
2025-10-12 20:31:32,688 - watchfiles.main - INFO - 1 change detected
2025-10-12 20:31:33,086 - watchfiles.main - INFO - 1 change detected
2025-10-12 20:31:33,440 - watchfiles.main - INFO - 1 change detected
Traceback (most recent call last):
  File "<string>", line 1, in <module>
  File "/usr/lib/python3.12/multiprocessing/spawn.py", line 122, in spawn_main
    exitcode = _main(fd, parent_sentinel)
               ^^^^^^^^^^^^^^^^^^^^^^^^^^
  File "/usr/lib/python3.12/multiprocessing/spawn.py", line 131, in _main
    prepare(preparation_data)
  File "/usr/lib/python3.12/multiprocessing/spawn.py", line 246, in prepare
    _fixup_main_from_path(data['init_main_from_path'])
  File "/usr/lib/python3.12/multiprocessing/spawn.py", line 297, in _fixup_main_from_path
    main_content = runpy.run_path(main_path,
                   ^^^^^^^^^^^^^^^^^^^^^^^^^
  File "<frozen runpy>", line 286, in run_path
  File "<frozen runpy>", line 98, in _run_module_code
  File "<frozen runpy>", line 88, in _run_code
  File "/home/artha/climateAI/server/main.py", line 87, in <module>
    from api.modelagem import router as modelagem_router
  File "/home/artha/climateAI/server/api/modelagem.py", line 173, in <module>
    @router.post("/derivativos-climaticos/comparar-cenarios")
     ^^^^^^^^^^^^^^^^^^^^^^^^^^^^^^^^^^^^^^^^^^^^^^^^^^^^^^^^
  File "/home/artha/.local/lib/python3.12/site-packages/fastapi/routing.py", line 992, in decorator
    self.add_api_route(
  File "/home/artha/.local/lib/python3.12/site-packages/fastapi/routing.py", line 931, in add_api_route
    route = route_class(
            ^^^^^^^^^^^^
  File "/home/artha/.local/lib/python3.12/site-packages/fastapi/routing.py", line 552, in __init__
    self.dependant = get_dependant(path=self.path_format, call=self.endpoint)
                     ^^^^^^^^^^^^^^^^^^^^^^^^^^^^^^^^^^^^^^^^^^^^^^^^^^^^^^^^
  File "/home/artha/.local/lib/python3.12/site-packages/fastapi/dependencies/utils.py", line 277, in get_dependant
    param_details = analyze_param(
                    ^^^^^^^^^^^^^^
  File "/home/artha/.local/lib/python3.12/site-packages/fastapi/dependencies/utils.py", line 492, in analyze_param
    is_scalar_field(field)
AssertionError
2025-10-12 20:31:33,796 - watchfiles.main - INFO - 1 change detected
2025-10-12 20:31:34,171 - watchfiles.main - INFO - 1 change detected
2025-10-12 20:31:34,523 - watchfiles.main - INFO - 1 change detected
2025-10-12 20:31:34,882 - watchfiles.main - INFO - 1 change detected
2025-10-12 20:31:35,237 - watchfiles.main - INFO - 1 change detected
2025-10-12 20:31:35,589 - watchfiles.main - INFO - 1 change detected
2025-10-12 20:31:35,942 - watchfiles.main - INFO - 1 change detected
2025-10-12 20:31:36,303 - watchfiles.main - INFO - 1 change detected
2025-10-12 20:31:36,655 - watchfiles.main - INFO - 1 change detected
2025-10-12 20:31:37,005 - watchfiles.main - INFO - 1 change detected
2025-10-12 20:31:37,357 - watchfiles.main - INFO - 1 change detected
2025-10-12 20:31:37,708 - watchfiles.main - INFO - 1 change detected
2025-10-12 20:31:38,060 - watchfiles.main - INFO - 1 change detected
2025-10-12 20:31:38,412 - watchfiles.main - INFO - 1 change detected
2025-10-12 20:31:38,766 - watchfiles.main - INFO - 1 change detected
2025-10-12 20:31:39,118 - watchfiles.main - INFO - 1 change detected
2025-10-12 20:31:39,469 - watchfiles.main - INFO - 2 changes detected
WARNING:  WatchFiles detected changes in 'test_climate_derivatives.py'. Reloading...
2025-10-12 20:31:39,822 - watchfiles.main - INFO - 1 change detected
2025-10-12 20:31:40,176 - watchfiles.main - INFO - 1 change detected
2025-10-12 20:31:40,527 - watchfiles.main - INFO - 1 change detected
2025-10-12 20:31:40,880 - watchfiles.main - INFO - 1 change detected
2025-10-12 20:31:41,231 - watchfiles.main - INFO - 1 change detected
2025-10-12 20:31:41,585 - watchfiles.main - INFO - 1 change detected
2025-10-12 20:31:41,938 - watchfiles.main - INFO - 1 change detected
2025-10-12 20:31:42,290 - watchfiles.main - INFO - 1 change detected
2025-10-12 20:31:42,641 - watchfiles.main - INFO - 1 change detected
2025-10-12 20:31:42,996 - watchfiles.main - INFO - 1 change detected
2025-10-12 20:31:43,349 - watchfiles.main - INFO - 1 change detected
2025-10-12 20:31:43,700 - watchfiles.main - INFO - 1 change detected
2025-10-12 20:31:44,053 - watchfiles.main - INFO - 1 change detected
2025-10-12 20:31:44,405 - watchfiles.main - INFO - 1 change detected
Traceback (most recent call last):
  File "<string>", line 1, in <module>
  File "/usr/lib/python3.12/multiprocessing/spawn.py", line 122, in spawn_main
    exitcode = _main(fd, parent_sentinel)
               ^^^^^^^^^^^^^^^^^^^^^^^^^^
  File "/usr/lib/python3.12/multiprocessing/spawn.py", line 131, in _main
    prepare(preparation_data)
  File "/usr/lib/python3.12/multiprocessing/spawn.py", line 246, in prepare
    _fixup_main_from_path(data['init_main_from_path'])
  File "/usr/lib/python3.12/multiprocessing/spawn.py", line 297, in _fixup_main_from_path
    main_content = runpy.run_path(main_path,
                   ^^^^^^^^^^^^^^^^^^^^^^^^^
  File "<frozen runpy>", line 286, in run_path
  File "<frozen runpy>", line 98, in _run_module_code
  File "<frozen runpy>", line 88, in _run_code
  File "/home/artha/climateAI/server/main.py", line 87, in <module>
    from api.modelagem import router as modelagem_router
  File "/home/artha/climateAI/server/api/modelagem.py", line 173, in <module>
    @router.post("/derivativos-climaticos/comparar-cenarios")
     ^^^^^^^^^^^^^^^^^^^^^^^^^^^^^^^^^^^^^^^^^^^^^^^^^^^^^^^^
  File "/home/artha/.local/lib/python3.12/site-packages/fastapi/routing.py", line 992, in decorator
    self.add_api_route(
  File "/home/artha/.local/lib/python3.12/site-packages/fastapi/routing.py", line 931, in add_api_route
    route = route_class(
            ^^^^^^^^^^^^
  File "/home/artha/.local/lib/python3.12/site-packages/fastapi/routing.py", line 552, in __init__
    self.dependant = get_dependant(path=self.path_format, call=self.endpoint)
                     ^^^^^^^^^^^^^^^^^^^^^^^^^^^^^^^^^^^^^^^^^^^^^^^^^^^^^^^^
  File "/home/artha/.local/lib/python3.12/site-packages/fastapi/dependencies/utils.py", line 277, in get_dependant
    param_details = analyze_param(
                    ^^^^^^^^^^^^^^
  File "/home/artha/.local/lib/python3.12/site-packages/fastapi/dependencies/utils.py", line 492, in analyze_param
    is_scalar_field(field)
AssertionError
2025-10-12 20:31:44,756 - watchfiles.main - INFO - 1 change detected
2025-10-12 20:31:45,111 - watchfiles.main - INFO - 1 change detected
2025-10-12 20:31:45,471 - watchfiles.main - INFO - 1 change detected
2025-10-12 20:31:45,823 - watchfiles.main - INFO - 1 change detected
2025-10-12 20:31:46,177 - watchfiles.main - INFO - 1 change detected
2025-10-12 20:31:46,528 - watchfiles.main - INFO - 1 change detected
2025-10-12 20:31:46,879 - watchfiles.main - INFO - 1 change detected
2025-10-12 20:31:47,230 - watchfiles.main - INFO - 1 change detected
2025-10-12 20:31:47,581 - watchfiles.main - INFO - 1 change detected
2025-10-12 20:31:47,932 - watchfiles.main - INFO - 1 change detected
2025-10-12 20:31:48,283 - watchfiles.main - INFO - 1 change detected
2025-10-12 20:31:48,634 - watchfiles.main - INFO - 1 change detected
2025-10-12 20:31:48,985 - watchfiles.main - INFO - 1 change detected
2025-10-12 20:31:49,336 - watchfiles.main - INFO - 1 change detected
2025-10-12 20:31:49,687 - watchfiles.main - INFO - 1 change detected
2025-10-12 20:31:50,038 - watchfiles.main - INFO - 1 change detected
2025-10-12 20:31:50,389 - watchfiles.main - INFO - 1 change detected
2025-10-12 20:31:50,740 - watchfiles.main - INFO - 1 change detected
2025-10-12 20:31:51,092 - watchfiles.main - INFO - 1 change detected
2025-10-12 20:31:51,443 - watchfiles.main - INFO - 1 change detected
2025-10-12 20:31:51,796 - watchfiles.main - INFO - 1 change detected
2025-10-12 20:31:52,147 - watchfiles.main - INFO - 1 change detected
2025-10-12 20:31:52,499 - watchfiles.main - INFO - 1 change detected
2025-10-12 20:31:52,855 - watchfiles.main - INFO - 1 change detected
2025-10-12 20:31:53,210 - watchfiles.main - INFO - 1 change detected
2025-10-12 20:31:53,566 - watchfiles.main - INFO - 1 change detected
2025-10-12 20:31:53,917 - watchfiles.main - INFO - 1 change detected
2025-10-12 20:31:54,414 - watchfiles.main - INFO - 1 change detected
2025-10-12 20:31:54,797 - watchfiles.main - INFO - 1 change detected
2025-10-12 20:31:55,198 - watchfiles.main - INFO - 1 change detected
2025-10-12 20:31:55,550 - watchfiles.main - INFO - 1 change detected
2025-10-12 20:31:55,927 - watchfiles.main - INFO - 1 change detected
2025-10-12 20:31:56,282 - watchfiles.main - INFO - 1 change detected
2025-10-12 20:31:56,633 - watchfiles.main - INFO - 1 change detected
2025-10-12 20:31:56,984 - watchfiles.main - INFO - 1 change detected
2025-10-12 20:31:57,335 - watchfiles.main - INFO - 1 change detected
2025-10-12 20:31:57,686 - watchfiles.main - INFO - 1 change detected
2025-10-12 20:31:58,037 - watchfiles.main - INFO - 1 change detected
2025-10-12 20:31:58,388 - watchfiles.main - INFO - 1 change detected
2025-10-12 20:31:58,739 - watchfiles.main - INFO - 1 change detected
2025-10-12 20:31:59,090 - watchfiles.main - INFO - 1 change detected
2025-10-12 20:31:59,441 - watchfiles.main - INFO - 1 change detected
2025-10-12 20:31:59,792 - watchfiles.main - INFO - 1 change detected
2025-10-12 20:32:00,143 - watchfiles.main - INFO - 1 change detected
2025-10-12 20:32:00,494 - watchfiles.main - INFO - 1 change detected
2025-10-12 20:32:00,845 - watchfiles.main - INFO - 1 change detected
2025-10-12 20:32:01,196 - watchfiles.main - INFO - 1 change detected
2025-10-12 20:32:01,547 - watchfiles.main - INFO - 1 change detected
2025-10-12 20:32:01,898 - watchfiles.main - INFO - 1 change detected
2025-10-12 20:32:02,248 - watchfiles.main - INFO - 1 change detected
2025-10-12 20:32:02,599 - watchfiles.main - INFO - 1 change detected
2025-10-12 20:32:02,950 - watchfiles.main - INFO - 1 change detected
2025-10-12 20:32:03,301 - watchfiles.main - INFO - 1 change detected
2025-10-12 20:32:03,652 - watchfiles.main - INFO - 1 change detected
2025-10-12 20:32:04,003 - watchfiles.main - INFO - 1 change detected
2025-10-12 20:32:04,355 - watchfiles.main - INFO - 1 change detected
2025-10-12 20:32:04,706 - watchfiles.main - INFO - 1 change detected
2025-10-12 20:32:05,057 - watchfiles.main - INFO - 1 change detected
2025-10-12 20:32:05,409 - watchfiles.main - INFO - 1 change detected
2025-10-12 20:32:05,760 - watchfiles.main - INFO - 1 change detected
2025-10-12 20:32:06,111 - watchfiles.main - INFO - 1 change detected
2025-10-12 20:32:06,462 - watchfiles.main - INFO - 1 change detected
2025-10-12 20:32:06,813 - watchfiles.main - INFO - 1 change detected
2025-10-12 20:32:07,164 - watchfiles.main - INFO - 1 change detected
2025-10-12 20:32:07,516 - watchfiles.main - INFO - 1 change detected
2025-10-12 20:32:07,868 - watchfiles.main - INFO - 1 change detected
2025-10-12 20:32:08,220 - watchfiles.main - INFO - 1 change detected
2025-10-12 20:32:08,572 - watchfiles.main - INFO - 1 change detected
2025-10-12 20:32:08,924 - watchfiles.main - INFO - 1 change detected
2025-10-12 20:32:09,276 - watchfiles.main - INFO - 1 change detected
2025-10-12 20:32:09,627 - watchfiles.main - INFO - 1 change detected
2025-10-12 20:32:09,978 - watchfiles.main - INFO - 1 change detected
2025-10-12 20:32:10,330 - watchfiles.main - INFO - 1 change detected
2025-10-12 20:32:10,681 - watchfiles.main - INFO - 1 change detected
2025-10-12 20:32:11,032 - watchfiles.main - INFO - 1 change detected
2025-10-12 20:32:11,383 - watchfiles.main - INFO - 1 change detected
2025-10-12 20:32:11,733 - watchfiles.main - INFO - 1 change detected
2025-10-12 20:32:12,085 - watchfiles.main - INFO - 1 change detected
2025-10-12 20:32:12,436 - watchfiles.main - INFO - 1 change detected
2025-10-12 20:32:12,788 - watchfiles.main - INFO - 1 change detected
2025-10-12 20:32:13,140 - watchfiles.main - INFO - 1 change detected
2025-10-12 20:32:13,491 - watchfiles.main - INFO - 1 change detected
2025-10-12 20:32:13,844 - watchfiles.main - INFO - 1 change detected
2025-10-12 20:32:14,194 - watchfiles.main - INFO - 1 change detected
2025-10-12 20:32:14,545 - watchfiles.main - INFO - 1 change detected
2025-10-12 20:32:14,897 - watchfiles.main - INFO - 1 change detected
2025-10-12 20:32:15,248 - watchfiles.main - INFO - 1 change detected
2025-10-12 20:32:15,600 - watchfiles.main - INFO - 1 change detected
2025-10-12 20:32:15,951 - watchfiles.main - INFO - 1 change detected
2025-10-12 20:32:16,303 - watchfiles.main - INFO - 1 change detected
2025-10-12 20:32:16,654 - watchfiles.main - INFO - 1 change detected
2025-10-12 20:32:17,005 - watchfiles.main - INFO - 1 change detected
2025-10-12 20:32:17,356 - watchfiles.main - INFO - 1 change detected
2025-10-12 20:32:17,707 - watchfiles.main - INFO - 1 change detected
2025-10-12 20:32:18,058 - watchfiles.main - INFO - 1 change detected
2025-10-12 20:32:18,409 - watchfiles.main - INFO - 1 change detected
2025-10-12 20:32:18,761 - watchfiles.main - INFO - 1 change detected
2025-10-12 20:32:19,115 - watchfiles.main - INFO - 1 change detected
2025-10-12 20:32:19,468 - watchfiles.main - INFO - 1 change detected
2025-10-12 20:32:19,819 - watchfiles.main - INFO - 1 change detected
2025-10-12 20:32:20,171 - watchfiles.main - INFO - 1 change detected
2025-10-12 20:32:20,522 - watchfiles.main - INFO - 1 change detected
2025-10-12 20:32:20,874 - watchfiles.main - INFO - 1 change detected
2025-10-12 20:32:21,225 - watchfiles.main - INFO - 1 change detected
2025-10-12 20:32:21,576 - watchfiles.main - INFO - 1 change detected
2025-10-12 20:32:21,928 - watchfiles.main - INFO - 1 change detected
2025-10-12 20:32:22,280 - watchfiles.main - INFO - 1 change detected
2025-10-12 20:32:22,631 - watchfiles.main - INFO - 1 change detected
2025-10-12 20:32:22,984 - watchfiles.main - INFO - 1 change detected
2025-10-12 20:32:23,335 - watchfiles.main - INFO - 1 change detected
2025-10-12 20:32:23,686 - watchfiles.main - INFO - 1 change detected
2025-10-12 20:32:24,038 - watchfiles.main - INFO - 1 change detected
2025-10-12 20:32:24,390 - watchfiles.main - INFO - 1 change detected
2025-10-12 20:32:24,741 - watchfiles.main - INFO - 1 change detected
2025-10-12 20:32:25,093 - watchfiles.main - INFO - 1 change detected
2025-10-12 20:32:25,444 - watchfiles.main - INFO - 1 change detected
2025-10-12 20:32:25,796 - watchfiles.main - INFO - 1 change detected
2025-10-12 20:32:26,147 - watchfiles.main - INFO - 1 change detected
2025-10-12 20:32:26,498 - watchfiles.main - INFO - 1 change detected
2025-10-12 20:32:26,849 - watchfiles.main - INFO - 1 change detected
2025-10-12 20:32:27,203 - watchfiles.main - INFO - 1 change detected
2025-10-12 20:32:27,555 - watchfiles.main - INFO - 1 change detected
2025-10-12 20:32:27,909 - watchfiles.main - INFO - 1 change detected
2025-10-12 20:32:28,265 - watchfiles.main - INFO - 1 change detected
2025-10-12 20:32:28,618 - watchfiles.main - INFO - 1 change detected
2025-10-12 20:32:28,969 - watchfiles.main - INFO - 1 change detected
2025-10-12 20:32:29,321 - watchfiles.main - INFO - 1 change detected
2025-10-12 20:32:29,672 - watchfiles.main - INFO - 1 change detected
2025-10-12 20:32:30,024 - watchfiles.main - INFO - 1 change detected
2025-10-12 20:32:30,376 - watchfiles.main - INFO - 1 change detected
2025-10-12 20:32:30,727 - watchfiles.main - INFO - 1 change detected
2025-10-12 20:32:31,078 - watchfiles.main - INFO - 1 change detected
2025-10-12 20:32:31,429 - watchfiles.main - INFO - 1 change detected
2025-10-12 20:32:31,780 - watchfiles.main - INFO - 1 change detected
2025-10-12 20:32:32,132 - watchfiles.main - INFO - 1 change detected
2025-10-12 20:32:32,483 - watchfiles.main - INFO - 1 change detected
2025-10-12 20:32:32,834 - watchfiles.main - INFO - 1 change detected
2025-10-12 20:32:33,185 - watchfiles.main - INFO - 1 change detected
2025-10-12 20:32:33,536 - watchfiles.main - INFO - 1 change detected
2025-10-12 20:32:33,888 - watchfiles.main - INFO - 1 change detected
2025-10-12 20:32:34,240 - watchfiles.main - INFO - 1 change detected
2025-10-12 20:32:34,591 - watchfiles.main - INFO - 1 change detected
2025-10-12 20:32:34,942 - watchfiles.main - INFO - 1 change detected
2025-10-12 20:32:35,294 - watchfiles.main - INFO - 1 change detected
2025-10-12 20:32:35,645 - watchfiles.main - INFO - 1 change detected
2025-10-12 20:32:35,996 - watchfiles.main - INFO - 1 change detected
2025-10-12 20:32:36,347 - watchfiles.main - INFO - 1 change detected
2025-10-12 20:32:36,699 - watchfiles.main - INFO - 1 change detected
2025-10-12 20:32:37,050 - watchfiles.main - INFO - 1 change detected
2025-10-12 20:32:37,406 - watchfiles.main - INFO - 1 change detected
2025-10-12 20:32:37,756 - watchfiles.main - INFO - 1 change detected
2025-10-12 20:32:38,111 - watchfiles.main - INFO - 1 change detected
2025-10-12 20:32:38,462 - watchfiles.main - INFO - 1 change detected
2025-10-12 20:32:38,815 - watchfiles.main - INFO - 1 change detected
2025-10-12 20:32:39,167 - watchfiles.main - INFO - 1 change detected
2025-10-12 20:32:39,518 - watchfiles.main - INFO - 1 change detected
2025-10-12 20:32:39,869 - watchfiles.main - INFO - 1 change detected
2025-10-12 20:32:40,219 - watchfiles.main - INFO - 1 change detected
2025-10-12 20:32:40,570 - watchfiles.main - INFO - 1 change detected
2025-10-12 20:32:40,921 - watchfiles.main - INFO - 1 change detected
2025-10-12 20:32:41,272 - watchfiles.main - INFO - 1 change detected
2025-10-12 20:32:41,623 - watchfiles.main - INFO - 1 change detected
2025-10-12 20:32:41,973 - watchfiles.main - INFO - 1 change detected
2025-10-12 20:32:42,324 - watchfiles.main - INFO - 1 change detected
2025-10-12 20:32:42,675 - watchfiles.main - INFO - 1 change detected
2025-10-12 20:32:43,027 - watchfiles.main - INFO - 1 change detected
2025-10-12 20:32:43,378 - watchfiles.main - INFO - 1 change detected
2025-10-12 20:32:43,730 - watchfiles.main - INFO - 1 change detected
2025-10-12 20:32:44,081 - watchfiles.main - INFO - 1 change detected
2025-10-12 20:32:44,432 - watchfiles.main - INFO - 1 change detected
2025-10-12 20:32:44,784 - watchfiles.main - INFO - 1 change detected
2025-10-12 20:32:45,135 - watchfiles.main - INFO - 1 change detected
2025-10-12 20:32:45,486 - watchfiles.main - INFO - 1 change detected
2025-10-12 20:32:45,838 - watchfiles.main - INFO - 1 change detected
2025-10-12 20:32:46,190 - watchfiles.main - INFO - 1 change detected
2025-10-12 20:32:46,541 - watchfiles.main - INFO - 1 change detected
2025-10-12 20:32:46,893 - watchfiles.main - INFO - 1 change detected
2025-10-12 20:32:47,244 - watchfiles.main - INFO - 1 change detected
2025-10-12 20:32:47,596 - watchfiles.main - INFO - 1 change detected
2025-10-12 20:32:47,947 - watchfiles.main - INFO - 1 change detected
2025-10-12 20:32:48,298 - watchfiles.main - INFO - 1 change detected
2025-10-12 20:32:48,649 - watchfiles.main - INFO - 1 change detected
2025-10-12 20:32:49,000 - watchfiles.main - INFO - 1 change detected
2025-10-12 20:32:49,351 - watchfiles.main - INFO - 1 change detected
2025-10-12 20:32:49,702 - watchfiles.main - INFO - 1 change detected
2025-10-12 20:32:50,053 - watchfiles.main - INFO - 1 change detected
2025-10-12 20:32:50,404 - watchfiles.main - INFO - 1 change detected
2025-10-12 20:32:50,756 - watchfiles.main - INFO - 1 change detected
2025-10-12 20:32:51,107 - watchfiles.main - INFO - 1 change detected
2025-10-12 20:32:51,459 - watchfiles.main - INFO - 1 change detected
2025-10-12 20:32:51,811 - watchfiles.main - INFO - 1 change detected
2025-10-12 20:32:52,162 - watchfiles.main - INFO - 1 change detected
2025-10-12 20:32:52,514 - watchfiles.main - INFO - 1 change detected
2025-10-12 20:32:52,866 - watchfiles.main - INFO - 1 change detected
2025-10-12 20:32:53,218 - watchfiles.main - INFO - 1 change detected
2025-10-12 20:32:53,572 - watchfiles.main - INFO - 1 change detected
2025-10-12 20:32:53,926 - watchfiles.main - INFO - 1 change detected
2025-10-12 20:32:54,277 - watchfiles.main - INFO - 1 change detected
2025-10-12 20:32:54,628 - watchfiles.main - INFO - 1 change detected
2025-10-12 20:32:54,980 - watchfiles.main - INFO - 1 change detected
2025-10-12 20:32:55,331 - watchfiles.main - INFO - 1 change detected
2025-10-12 20:32:55,682 - watchfiles.main - INFO - 1 change detected
2025-10-12 20:32:56,033 - watchfiles.main - INFO - 1 change detected
2025-10-12 20:32:56,384 - watchfiles.main - INFO - 1 change detected
2025-10-12 20:32:56,735 - watchfiles.main - INFO - 1 change detected
2025-10-12 20:32:57,086 - watchfiles.main - INFO - 1 change detected
2025-10-12 20:32:57,437 - watchfiles.main - INFO - 1 change detected
2025-10-12 20:32:57,788 - watchfiles.main - INFO - 1 change detected
2025-10-12 20:32:58,139 - watchfiles.main - INFO - 1 change detected
2025-10-12 20:32:58,490 - watchfiles.main - INFO - 1 change detected
2025-10-12 20:32:58,840 - watchfiles.main - INFO - 1 change detected
2025-10-12 20:32:59,191 - watchfiles.main - INFO - 1 change detected
2025-10-12 20:32:59,543 - watchfiles.main - INFO - 1 change detected
2025-10-12 20:32:59,894 - watchfiles.main - INFO - 1 change detected
2025-10-12 20:33:00,245 - watchfiles.main - INFO - 1 change detected
2025-10-12 20:33:00,596 - watchfiles.main - INFO - 1 change detected
2025-10-12 20:33:00,948 - watchfiles.main - INFO - 1 change detected
2025-10-12 20:33:01,299 - watchfiles.main - INFO - 1 change detected
2025-10-12 20:33:01,650 - watchfiles.main - INFO - 1 change detected
2025-10-12 20:33:02,001 - watchfiles.main - INFO - 1 change detected
2025-10-12 20:33:02,353 - watchfiles.main - INFO - 1 change detected
2025-10-12 20:33:02,704 - watchfiles.main - INFO - 1 change detected
2025-10-12 20:33:03,055 - watchfiles.main - INFO - 1 change detected
2025-10-12 20:33:03,406 - watchfiles.main - INFO - 1 change detected
2025-10-12 20:33:03,757 - watchfiles.main - INFO - 1 change detected
2025-10-12 20:33:04,109 - watchfiles.main - INFO - 1 change detected
2025-10-12 20:33:04,462 - watchfiles.main - INFO - 1 change detected
2025-10-12 20:33:04,813 - watchfiles.main - INFO - 1 change detected
2025-10-12 20:33:05,164 - watchfiles.main - INFO - 1 change detected
2025-10-12 20:33:05,516 - watchfiles.main - INFO - 1 change detected
2025-10-12 20:33:05,867 - watchfiles.main - INFO - 1 change detected
2025-10-12 20:33:06,218 - watchfiles.main - INFO - 1 change detected
2025-10-12 20:33:06,569 - watchfiles.main - INFO - 1 change detected
2025-10-12 20:33:06,920 - watchfiles.main - INFO - 1 change detected
2025-10-12 20:33:07,271 - watchfiles.main - INFO - 1 change detected
2025-10-12 20:33:07,622 - watchfiles.main - INFO - 1 change detected
2025-10-12 20:33:07,974 - watchfiles.main - INFO - 1 change detected
2025-10-12 20:33:08,324 - watchfiles.main - INFO - 1 change detected
2025-10-12 20:33:08,676 - watchfiles.main - INFO - 1 change detected
2025-10-12 20:33:09,027 - watchfiles.main - INFO - 1 change detected
2025-10-12 20:33:09,379 - watchfiles.main - INFO - 1 change detected
2025-10-12 20:33:09,730 - watchfiles.main - INFO - 1 change detected
2025-10-12 20:33:10,081 - watchfiles.main - INFO - 1 change detected
2025-10-12 20:33:10,432 - watchfiles.main - INFO - 1 change detected
2025-10-12 20:33:10,783 - watchfiles.main - INFO - 1 change detected
2025-10-12 20:33:11,134 - watchfiles.main - INFO - 1 change detected
2025-10-12 20:33:11,486 - watchfiles.main - INFO - 1 change detected
2025-10-12 20:33:11,838 - watchfiles.main - INFO - 1 change detected
INFO:     Stopping reloader process [22818]
